"Hra","Odkaz na hru","Odkaz na obrázek hry","Provider"
"wooden matic","https://www.forbescasino.cz/game/1287/online/wooden_matic","https://www.forbescasino.cz/files/1006956MDV.webp","Apollo"
"falcon god","https://www.forbescasino.cz/game/1288/online/falcon_god","https://www.forbescasino.cz/files/1006960NTA.webp","Apollo"
"100 Hot Wild","https://www.forbescasino.cz/game/2054/online/100_hot_wild","https://www.forbescasino.cz/files/1160923NGM.webp","Tech4Bet"
"243 diamonds","https://www.forbescasino.cz/game/2055/online/243_diamonds","https://www.forbescasino.cz/files/1089463ZTg.webp","Tech4Bet"
"243 Hot Ways","https://www.forbescasino.cz/game/2056/online/243_hot_ways","https://www.forbescasino.cz/files/1089464MmJ.webp","Tech4Bet"
"243 simply ways","https://www.forbescasino.cz/game/2057/online/243_simply_ways","https://www.forbescasino.cz/files/1089465ZmU.webp","Tech4Bet"
"243 space fruits","https://www.forbescasino.cz/game/2058/online/243_space_fruits","https://www.forbescasino.cz/files/1089466NmQ.webp","Tech4Bet"
"256 Joker","https://www.forbescasino.cz/game/2059/online/256_joker","https://www.forbescasino.cz/files/1089467Zjc.webp","Tech4Bet"
"27 diamonds","https://www.forbescasino.cz/game/2060/online/27_diamonds","https://www.forbescasino.cz/files/1089468ZTA.webp","Tech4Bet"
"27 simply ways","https://www.forbescasino.cz/game/2061/online/27_simply_ways","https://www.forbescasino.cz/files/1089469Yzc.webp","Tech4Bet"
"81 diamonds","https://www.forbescasino.cz/game/2065/online/81_diamonds","https://www.forbescasino.cz/files/1089474ZDI.webp","Tech4Bet"
"81 Emerald","https://www.forbescasino.cz/game/2066/online/81_emerald","https://www.forbescasino.cz/files/1089475YmE.webp","Tech4Bet"
"81 hot seven twins","https://www.forbescasino.cz/game/2067/online/81_hot_seven_twins","https://www.forbescasino.cz/files/1089476YzI.webp","Tech4Bet"
"81 hot ways","https://www.forbescasino.cz/game/2068/online/81_hot_ways","https://www.forbescasino.cz/files/1089477NTR.webp","Tech4Bet"
"81 Multi Gold","https://www.forbescasino.cz/game/2069/online/81_multi_gold","https://www.forbescasino.cz/files/1089478ZTQ.webp","Tech4Bet"
"81 panther","https://www.forbescasino.cz/game/2071/online/81_panther","https://www.forbescasino.cz/files/1089480OTE.webp","Tech4Bet"
"81 simply ways","https://www.forbescasino.cz/game/2072/online/81_simply_ways","https://www.forbescasino.cz/files/1089481ZWY.webp","Tech4Bet"
"81 space fruits","https://www.forbescasino.cz/game/2073/online/81_space_fruits","https://www.forbescasino.cz/files/1089482OGE.webp","Tech4Bet"
"81 win spin","https://www.forbescasino.cz/game/2074/online/81_win_spin","https://www.forbescasino.cz/files/1089484MzQ.webp","Tech4Bet"
"81 wine win","https://www.forbescasino.cz/game/2075/online/81_wine_win","https://www.forbescasino.cz/files/1089485ODU.webp","Tech4Bet"
"bača","https://www.forbescasino.cz/game/2078/online/ba_a","https://www.forbescasino.cz/files/1160930ZmR.webp","Tech4Bet"
"black friday","https://www.forbescasino.cz/game/2079/online/black_friday","https://www.forbescasino.cz/files/1089490OTk.webp","Tech4Bet"
"bonus fruit","https://www.forbescasino.cz/game/2080/online/bonus_fruit","https://www.forbescasino.cz/files/1089491NWN.webp","Tech4Bet"
"bonus road","https://www.forbescasino.cz/game/2082/online/bonus_road","https://www.forbescasino.cz/files/1160924Yjd.webp","Tech4Bet"
"colosseum","https://www.forbescasino.cz/game/2089/online/colosseum","https://www.forbescasino.cz/files/1089500Zjk.webp","Tech4Bet"
"crown 81","https://www.forbescasino.cz/game/2090/online/crown_81","https://www.forbescasino.cz/files/1089501ZGQ.webp","Tech4Bet"
" ert a k a","https://www.forbescasino.cz/game/2091/online/_ert_a_k_a","https://www.forbescasino.cz/files/1132878ZGU.webp","Tech4Bet"
" ert a k a cesta z pekla","https://www.forbescasino.cz/game/2093/online/_ert_a_k_a_cesta_z_pekla","https://www.forbescasino.cz/files/1089505MWF.webp","Tech4Bet"
"dance night 81","https://www.forbescasino.cz/game/2094/online/dance_night_81","https://www.forbescasino.cz/files/1089506OTM.webp","Tech4Bet"
"demon house","https://www.forbescasino.cz/game/2095/online/demon_house","https://www.forbescasino.cz/files/1089507ZjZ.webp","Tech4Bet"
"diamond bounty","https://www.forbescasino.cz/game/2096/online/diamond_bounty","https://www.forbescasino.cz/files/1132877M2R.webp","Tech4Bet"
"diamond respin","https://www.forbescasino.cz/game/2097/online/diamond_respin","https://www.forbescasino.cz/files/1089509NDI.webp","Tech4Bet"
"easy fruit","https://www.forbescasino.cz/game/2098/online/easy_fruit","https://www.forbescasino.cz/files/1089510NjU.webp","Tech4Bet"
"Extra Joker 40","https://www.forbescasino.cz/game/2100/online/extra_joker_40","https://www.forbescasino.cz/files/1160931YzJ.webp","Tech4Bet"
"exxxtra reels","https://www.forbescasino.cz/game/2101/online/exxxtra_reels","https://www.forbescasino.cz/files/1089513N2M.webp","Tech4Bet"
"forest fruit","https://www.forbescasino.cz/game/2102/online/forest_fruit","https://www.forbescasino.cz/files/1089515MjB.webp","Tech4Bet"
"fruit dreams","https://www.forbescasino.cz/game/2105/online/fruit_dreams","https://www.forbescasino.cz/files/1089518Y2J.webp","Tech4Bet"
"fruit hell","https://www.forbescasino.cz/game/2106/online/fruit_hell","https://www.forbescasino.cz/files/1089519MjI.webp","Tech4Bet"
"100x neon","https://www.forbescasino.cz/game/2109/online/100x_neon","https://www.forbescasino.cz/files/1195798ZTA.webp","Tech4Bet"
"big 5","https://www.forbescasino.cz/game/2110/online/big_5","https://www.forbescasino.cz/files/1091183OTg.webp","Tech4Bet"
"bikers gang 27","https://www.forbescasino.cz/game/2111/online/bikers_gang_27","https://www.forbescasino.cz/files/1138358ZTE.webp","Tech4Bet"
"81 attila","https://www.forbescasino.cz/game/2112/online/81_attila","https://www.forbescasino.cz/files/1091215ZGV.webp","Tech4Bet"
"grande wheel","https://www.forbescasino.cz/game/2116/online/grande_wheel","https://www.forbescasino.cz/files/1091218Mjk.webp","Tech4Bet"
"happy bar 27","https://www.forbescasino.cz/game/2117/online/happy_bar_27","https://www.forbescasino.cz/files/1091220NjQ.webp","Tech4Bet"
"happy hippie","https://www.forbescasino.cz/game/2118/online/happy_hippie","https://www.forbescasino.cz/files/1195796ODg.webp","Tech4Bet"
"hardcore","https://www.forbescasino.cz/game/2119/online/hardcore","https://www.forbescasino.cz/files/1091222OTF.webp","Tech4Bet"
"hook up joker","https://www.forbescasino.cz/game/2120/online/hook_up_joker","https://www.forbescasino.cz/files/1091223NDQ.webp","Tech4Bet"
"Hot gigolo","https://www.forbescasino.cz/game/2122/online/hot_gigolo","https://www.forbescasino.cz/files/1138359ZTI.webp","Tech4Bet"
"hot wild 10","https://www.forbescasino.cz/game/2123/online/hot_wild_10","https://www.forbescasino.cz/files/1091226Yzk.webp","Tech4Bet"
"hot wild 20","https://www.forbescasino.cz/game/2124/online/hot_wild_20","https://www.forbescasino.cz/files/1091227OGU.webp","Tech4Bet"
"hot wild 5","https://www.forbescasino.cz/game/2126/online/hot_wild_5","https://www.forbescasino.cz/files/1091229OWF.webp","Tech4Bet"
"Hyper Wheels","https://www.forbescasino.cz/game/2127/online/hyper_wheels","https://www.forbescasino.cz/files/1160932NGR.webp","Tech4Bet"
"inferno","https://www.forbescasino.cz/game/2129/online/inferno","https://www.forbescasino.cz/files/1159707M2I.webp","Tech4Bet"
"joker blast","https://www.forbescasino.cz/game/2131/online/joker_blast","https://www.forbescasino.cz/files/1091234ZDQ.webp","Tech4Bet"
"joker crown 5","https://www.forbescasino.cz/game/2133/online/joker_crown_5","https://www.forbescasino.cz/files/1091236MDk.webp","Tech4Bet"
"goooooal ","https://www.forbescasino.cz/game/2134/online/goooooal_","https://www.forbescasino.cz/files/1091238MGI.webp","Tech4Bet"
"joker star","https://www.forbescasino.cz/game/2137/online/joker_star","https://www.forbescasino.cz/files/1091241ZWM.webp","Tech4Bet"
"kings fruit","https://www.forbescasino.cz/game/2141/online/kings_fruit","https://www.forbescasino.cz/files/1091246NTZ.webp","Tech4Bet"
"klondike dreams","https://www.forbescasino.cz/game/2142/online/klondike_dreams","https://www.forbescasino.cz/files/1091251YjQ.webp","Tech4Bet"
"lucky joker 50","https://www.forbescasino.cz/game/2143/online/lucky_joker_50","https://www.forbescasino.cz/files/1091252NTk.webp","Tech4Bet"
"lucky riddle","https://www.forbescasino.cz/game/2144/online/lucky_riddle","https://www.forbescasino.cz/files/1091253ODV.webp","Tech4Bet"
"Lumberjack 2","https://www.forbescasino.cz/game/2145/online/lumberjack","https://www.forbescasino.cz/files/1091254MDE.webp","Tech4Bet"
"lumberjack 2","https://www.forbescasino.cz/game/2146/online/lumberjack_2","https://www.forbescasino.cz/files/1091255ZWZ.webp","Tech4Bet"
"Lumberjack 5","https://www.forbescasino.cz/game/2147/online/lumberjack_5","https://www.forbescasino.cz/files/1091256NDM.webp","Tech4Bet"
"Lumberjack 7","https://www.forbescasino.cz/game/2148/online/lumberjack_7","https://www.forbescasino.cz/files/1091257MDc.webp","Tech4Bet"
"magic wheel","https://www.forbescasino.cz/game/2151/online/magic_wheel","https://www.forbescasino.cz/files/1160933NGE.webp","Tech4Bet"
"mega carp caramba","https://www.forbescasino.cz/game/2152/online/mega_carp_caramba","https://www.forbescasino.cz/files/1091261Yjd.webp","Tech4Bet"
"Mega Carp Christmas","https://www.forbescasino.cz/game/2153/online/mega_carp_christmas","https://www.forbescasino.cz/files/1091262ODI.webp","Tech4Bet"
"mini roulette","https://www.forbescasino.cz/game/2155/online/mini_roulette","https://www.forbescasino.cz/files/1091264MmY.webp","Tech4Bet"
"mystery respin","https://www.forbescasino.cz/game/2161/online/mystery_respin","https://www.forbescasino.cz/files/1091271N2I.webp","Tech4Bet"
"red fire","https://www.forbescasino.cz/game/2163/online/red_fire","https://www.forbescasino.cz/files/1091273ZDB.webp","Tech4Bet"
"replay","https://www.forbescasino.cz/game/2164/online/replay","https://www.forbescasino.cz/files/1091274ZTQ.webp","Tech4Bet"
"respin bunny","https://www.forbescasino.cz/game/2165/online/respin_bunny","https://www.forbescasino.cz/files/1091275MmQ.webp","Tech4Bet"
"respin city johny joker","https://www.forbescasino.cz/game/2166/online/respin_city_johny_joker","https://www.forbescasino.cz/files/1091276NjB.webp","Tech4Bet"
"respin city pablo diablo","https://www.forbescasino.cz/game/2167/online/respin_city_pablo_diablo","https://www.forbescasino.cz/files/1091277ODh.webp","Tech4Bet"
"respin city respin capo","https://www.forbescasino.cz/game/2168/online/respin_city_respin_capo","https://www.forbescasino.cz/files/1091278NjN.webp","Tech4Bet"
"respin city sticky joe","https://www.forbescasino.cz/game/2169/online/respin_city_sticky_joe","https://www.forbescasino.cz/files/1091279NjY.webp","Tech4Bet"
"respin crown","https://www.forbescasino.cz/game/2170/online/respin_crown","https://www.forbescasino.cz/files/1091280MWE.webp","Tech4Bet"
"respin queen","https://www.forbescasino.cz/game/2171/online/respin_queen","https://www.forbescasino.cz/files/1160925NmU.webp","Tech4Bet"
"respin queen 81","https://www.forbescasino.cz/game/2172/online/respin_queen_81","https://www.forbescasino.cz/files/1091282NzU.webp","Tech4Bet"
"respin santa","https://www.forbescasino.cz/game/2173/online/respin_santa","https://www.forbescasino.cz/files/1091283MWR.webp","Tech4Bet"
"respin sapphire","https://www.forbescasino.cz/game/2174/online/respin_sapphire","https://www.forbescasino.cz/files/1091284MWE.webp","Tech4Bet"
"rich sevens","https://www.forbescasino.cz/game/2175/online/rich_sevens","https://www.forbescasino.cz/files/1091286YmU.webp","Tech4Bet"
"rocket respin","https://www.forbescasino.cz/game/2176/online/rocket_respin","https://www.forbescasino.cz/files/1091287YTE.webp","Tech4Bet"
"runnig joker","https://www.forbescasino.cz/game/2177/online/runnig_joker","https://www.forbescasino.cz/files/1091288YmZ.webp","Tech4Bet"
"scalper","https://www.forbescasino.cz/game/2179/online/scalper","https://www.forbescasino.cz/files/1091290MDA.webp","Tech4Bet"
"strip bar 81","https://www.forbescasino.cz/game/2185/online/strip_bar_81","https://www.forbescasino.cz/files/1160934YWI.webp","Tech4Bet"
"summer fortune","https://www.forbescasino.cz/game/2186/online/summer_fortune","https://www.forbescasino.cz/files/1091297ODF.webp","Tech4Bet"
"sunny wild","https://www.forbescasino.cz/game/2188/online/sunny_wild","https://www.forbescasino.cz/files/1091303ZDl.webp","Tech4Bet"
"Sunshine","https://www.forbescasino.cz/game/2189/online/sunshine","https://www.forbescasino.cz/files/1091304ZjQ.webp","Tech4Bet"
"super amazons","https://www.forbescasino.cz/game/2191/online/super_amazons","https://www.forbescasino.cz/files/1091306YzY.webp","Tech4Bet"
"super buddha","https://www.forbescasino.cz/game/2192/online/super_buddha","https://www.forbescasino.cz/files/1138361OTI.webp","Tech4Bet"
"super slot farm","https://www.forbescasino.cz/game/2193/online/super_slot_farm","https://www.forbescasino.cz/files/1138360NmJ.webp","Tech4Bet"
"valentine s heart","https://www.forbescasino.cz/game/2196/online/valentine_s_heart","https://www.forbescasino.cz/files/1091312MzU.webp","Tech4Bet"
"wild blackbeard","https://www.forbescasino.cz/game/2197/online/wild_blackbeard","https://www.forbescasino.cz/files/1091313ODQ.webp","Tech4Bet"
"wild blast","https://www.forbescasino.cz/game/2198/online/wild_blast","https://www.forbescasino.cz/files/1091314ZTQ.webp","Tech4Bet"
"wild diamonds 25","https://www.forbescasino.cz/game/2199/online/wild_diamonds_25","https://www.forbescasino.cz/files/1091315Y2N.webp","Tech4Bet"
"wild diamonds 40","https://www.forbescasino.cz/game/2200/online/wild_diamonds_40","https://www.forbescasino.cz/files/1091316NWZ.webp","Tech4Bet"
"wild diamonds 50","https://www.forbescasino.cz/game/2201/online/wild_diamonds_50","https://www.forbescasino.cz/files/1091317OGY.webp","Tech4Bet"
"Wild Hood","https://www.forbescasino.cz/game/2202/online/wild_hood","https://www.forbescasino.cz/files/1091318OGE.webp","Tech4Bet"
"wild joker 25","https://www.forbescasino.cz/game/2203/online/wild_joker_25","https://www.forbescasino.cz/files/1091319N2N.webp","Tech4Bet"
"Wild Joker 40","https://www.forbescasino.cz/game/2204/online/wild_joker_40","https://www.forbescasino.cz/files/1091320N2V.webp","Tech4Bet"
"wild joker 50","https://www.forbescasino.cz/game/2205/online/wild_joker_50","https://www.forbescasino.cz/files/1091321OGE.webp","Tech4Bet"
"wild racket","https://www.forbescasino.cz/game/2207/online/wild_racket","https://www.forbescasino.cz/files/1091324YmY.webp","Tech4Bet"
"zeus power","https://www.forbescasino.cz/game/2208/online/zeus_power","https://www.forbescasino.cz/files/1091325YmN.webp","Tech4Bet"
"blood moon wheel","https://www.forbescasino.cz/game/2210/online/blood_moon_wheel","https://www.forbescasino.cz/files/1155200NDc.webp","ABXplay"
"Chilli Tumble","https://www.forbescasino.cz/game/2211/online/chilli_tumble","https://www.forbescasino.cz/files/1159711Mjl.webp","ABXplay"
"clover madness 100","https://www.forbescasino.cz/game/2212/online/clover_madness_100","https://www.forbescasino.cz/files/1155198ZmY.webp","ABXplay"
"crown expandently","https://www.forbescasino.cz/game/2213/online/crown_expandently","https://www.forbescasino.cz/files/1159709Yzc.webp","ABXplay"
"dwarf s explosive respin","https://www.forbescasino.cz/game/2214/online/dwarf_s_explosive_respin","https://www.forbescasino.cz/files/1155199YTN.webp","ABXplay"
"egg hunter","https://www.forbescasino.cz/game/2215/online/egg_hunter","https://www.forbescasino.cz/files/1155195OTE.webp","ABXplay"
"enchanted cairo","https://www.forbescasino.cz/game/2216/online/enchanted_cairo","https://www.forbescasino.cz/files/1159712NGJ.webp","ABXplay"
"fruit scapes","https://www.forbescasino.cz/game/2217/online/fruit_scapes","https://www.forbescasino.cz/files/1159708NzM.webp","ABXplay"
"fruity taste","https://www.forbescasino.cz/game/2218/online/fruity_taste","https://www.forbescasino.cz/files/1155194ZmM.webp","ABXplay"
"hunter totem","https://www.forbescasino.cz/game/2219/online/hunter_totem","https://www.forbescasino.cz/files/1155196NDQ.webp","ABXplay"
"charm of fruits","https://www.forbescasino.cz/game/2220/online/charm_of_fruits","https://www.forbescasino.cz/files/1159701Y2I.webp","ABXplay"
"chilliomatic","https://www.forbescasino.cz/game/2221/online/chilliomatic","https://www.forbescasino.cz/files/1155197MWM.webp","ABXplay"
"chilli style","https://www.forbescasino.cz/game/2222/online/chilli_style","https://www.forbescasino.cz/files/1096892NDA.webp","ABXplay"
"infinitely hot","https://www.forbescasino.cz/game/2223/online/infinitely_hot","https://www.forbescasino.cz/files/1096893YmR.webp","ABXplay"
"irish expands","https://www.forbescasino.cz/game/2224/online/irish_expands","https://www.forbescasino.cz/files/1096894YjV.webp","ABXplay"
"kitty bonus jackpot","https://www.forbescasino.cz/game/2225/online/kitty_bonus_jackpot","https://www.forbescasino.cz/files/1096895NjY.webp","ABXplay"
"majesty fruits","https://www.forbescasino.cz/game/2226/online/majesty_fruits","https://www.forbescasino.cz/files/1096896YTQ.webp","ABXplay"
"roasting hot 100","https://www.forbescasino.cz/game/2227/online/roasting_hot_100","https://www.forbescasino.cz/files/1096897NmZ.webp","ABXplay"
"solar goddess","https://www.forbescasino.cz/game/2228/online/solar_goddess","https://www.forbescasino.cz/files/1096898MGN.webp","ABXplay"
"the dollar game","https://www.forbescasino.cz/game/2229/online/the_dollar_game","https://www.forbescasino.cz/files/1096899MGM.webp","ABXplay"
"upper hot","https://www.forbescasino.cz/game/2230/online/upper_hot","https://www.forbescasino.cz/files/1096900ZjM.webp","ABXplay"
"Wild 81 Wheel","https://www.forbescasino.cz/game/2236/online/wild_81_wheel","https://www.forbescasino.cz/files/1096906N2Z.webp","ABXplay"
"witch hunt","https://www.forbescasino.cz/game/2238/online/witch_hunt","https://www.forbescasino.cz/files/1096908NDB.webp","Tech4Bet"
"hattrick night","https://www.forbescasino.cz/game/2239/online/hattrick_night","https://www.forbescasino.cz/files/1096917NDg.webp","Tech4Bet"
"20 star party","https://www.forbescasino.cz/game/2240/online/20_star_party","https://www.forbescasino.cz/files/1184520Y2M.webp","CT Interactive"
"pot o luck","https://www.forbescasino.cz/game/2241/online/pot_o_luck","https://www.forbescasino.cz/files/1184519YTF.webp","CT Interactive"
"Pot o'luck","https://www.forbescasino.cz/game/2241/online/pot_oluck","https://www.forbescasino.cz/files/1184519YTF.webp","CT Interactive"
"40 mega slot","https://www.forbescasino.cz/game/2242/online/40_mega_slot","https://www.forbescasino.cz/files/1184521ZGI.webp","CT Interactive"
"40 treasures","https://www.forbescasino.cz/game/2243/online/40_treasures","https://www.forbescasino.cz/files/1184522ZDk.webp","CT Interactive"
"50 treasures","https://www.forbescasino.cz/game/2244/online/50_treasures","https://www.forbescasino.cz/files/1184523MDR.webp","CT Interactive"
"banana party","https://www.forbescasino.cz/game/2245/online/banana_party","https://www.forbescasino.cz/files/1184524OWZ.webp","CT Interactive"
"coffee magic","https://www.forbescasino.cz/game/2246/online/coffee_magic","https://www.forbescasino.cz/files/1184526MTR.webp","CT Interactive"
"Chilli Fruits","https://www.forbescasino.cz/game/2248/online/chilli_fruits","https://www.forbescasino.cz/files/1184517ODB.webp","CT Interactive"
"lucky clover","https://www.forbescasino.cz/game/2249/online/lucky_clover","https://www.forbescasino.cz/files/1184518MjF.webp","CT Interactive"
"bavarian forest","https://www.forbescasino.cz/game/2250/online/bavarian_forest","https://www.forbescasino.cz/files/1184525NjY.webp","CT Interactive"
"big joker","https://www.forbescasino.cz/game/2251/online/big_joker","https://www.forbescasino.cz/files/1202685ZmY.webp","CT Interactive"
"brilliants on fire","https://www.forbescasino.cz/game/2252/online/brilliants_on_fire","https://www.forbescasino.cz/files/1202687N2U.webp","CT Interactive"
"fortune pig","https://www.forbescasino.cz/game/2254/online/fortune_pig","https://www.forbescasino.cz/files/1202691ZWY.webp","CT Interactive"
"fruity hot","https://www.forbescasino.cz/game/2255/online/fruity_hot","https://www.forbescasino.cz/files/1202693NDE.webp","CT Interactive"
"hot 7 s x 2","https://www.forbescasino.cz/game/2256/online/hot_7_s_x_2","https://www.forbescasino.cz/files/1202697YmF.webp","CT Interactive"
"mystic moon","https://www.forbescasino.cz/game/2257/online/mystic_moon","https://www.forbescasino.cz/files/1202699NmU.webp","CT Interactive"
"the power of ankh","https://www.forbescasino.cz/game/2259/online/the_power_of_ankh","https://www.forbescasino.cz/files/1202703OWY.webp","CT Interactive"
"4 stones","https://www.forbescasino.cz/game/2260/online/4_stones","https://www.forbescasino.cz/files/1106489ZWY.webp","Adell"
"5 fruits","https://www.forbescasino.cz/game/2261/online/5_fruits","https://www.forbescasino.cz/files/1106490MDg.webp","Adell"
"6 spin","https://www.forbescasino.cz/game/2262/online/6_spin","https://www.forbescasino.cz/files/1106491YWZ.webp","Adell"
"7 max","https://www.forbescasino.cz/game/2263/online/7_max","https://www.forbescasino.cz/files/1106492NTl.webp","Adell"
"8 gems","https://www.forbescasino.cz/game/2264/online/8_gems","https://www.forbescasino.cz/files/1106493MjZ.webp","Adell"
"81 diamond catch","https://www.forbescasino.cz/game/2265/online/81_diamond_catch","https://www.forbescasino.cz/files/1106494NWI.webp","Adell"
"81 fruits of gods","https://www.forbescasino.cz/game/2266/online/81_fruits_of_gods","https://www.forbescasino.cz/files/1106496NWQ.webp","Adell"
"81 Western Outlaws","https://www.forbescasino.cz/game/2267/online/81_western_outlaws","https://www.forbescasino.cz/files/1106568OTl.webp","Adell"
"active joker","https://www.forbescasino.cz/game/2268/online/active_joker","https://www.forbescasino.cz/files/1106567NWE.webp","Adell"
"africa wild","https://www.forbescasino.cz/game/2269/online/africa_wild","https://www.forbescasino.cz/files/1106499OGQ.webp","Adell"
"age of olympus","https://www.forbescasino.cz/game/2270/online/age_of_olympus","https://www.forbescasino.cz/files/1106566NWM.webp","Adell"
"blood house","https://www.forbescasino.cz/game/2271/online/blood_house","https://www.forbescasino.cz/files/1106565OTV.webp","Adell"
"buffalo spin","https://www.forbescasino.cz/game/2272/online/buffalo_spin","https://www.forbescasino.cz/files/1106564ZWQ.webp","Adell"
"burning fruits","https://www.forbescasino.cz/game/2273/online/burning_fruits","https://www.forbescasino.cz/files/1106560ZGJ.webp","Adell"
"candy fruits","https://www.forbescasino.cz/game/2274/online/candy_fruits","https://www.forbescasino.cz/files/1106563NDU.webp","Adell"
"crazy spin","https://www.forbescasino.cz/game/2275/online/crazy_spin","https://www.forbescasino.cz/files/1106562ODM.webp","Adell"
"endless blackjack ","https://www.forbescasino.cz/game/2277/online/endless_blackjack_","https://www.forbescasino.cz/files/1160937ZTc.webp",""
"roulette cz ","https://www.forbescasino.cz/game/2278/online/roulette_cz_","https://www.forbescasino.cz/files/1160938OGQ.webp",""
"2023 hit slot","https://www.forbescasino.cz/game/2279/online/2023_hit_slot","https://www.forbescasino.cz/files/1159706ODQ.webp","Endorphina"
"2024 hit slot","https://www.forbescasino.cz/game/2280/online/2024_hit_slot","https://www.forbescasino.cz/files/1159705N2U.webp","Endorphina"
"hell hot 40","https://www.forbescasino.cz/game/2284/online/hell_hot_40","https://www.forbescasino.cz/files/1159703Mzh.webp","Endorphina"
"chimney sweep","https://www.forbescasino.cz/game/2285/online/chimney_sweep","https://www.forbescasino.cz/files/1115907ZjJ.webp","Endorphina"
"Joker RA","https://www.forbescasino.cz/game/2286/online/joker_ra","https://www.forbescasino.cz/files/1161008YmQ.webp","Endorphina"
"joker stoker","https://www.forbescasino.cz/game/2287/online/joker_stoker","https://www.forbescasino.cz/files/1159719MmM.webp","Endorphina"
"lucky dice 2","https://www.forbescasino.cz/game/2288/online/lucky_dice_2","https://www.forbescasino.cz/files/1115913NTg.webp","Endorphina"
"lumber jack","https://www.forbescasino.cz/game/2289/online/lumber_jack","https://www.forbescasino.cz/files/1159718N2N.webp","Endorphina"
"royal xmass ii","https://www.forbescasino.cz/game/2291/online/royal_xmass_ii","https://www.forbescasino.cz/files/1159717ZGJ.webp","Endorphina"
"santa s puzzle","https://www.forbescasino.cz/game/2292/online/santa_s_puzzle","https://www.forbescasino.cz/files/1115921OTY.webp","Endorphina"
"the emirate ii","https://www.forbescasino.cz/game/2293/online/the_emirate_ii","https://www.forbescasino.cz/files/1115925OTk.webp","Endorphina"
"the vampires ii","https://www.forbescasino.cz/game/2294/online/the_vampires_ii","https://www.forbescasino.cz/files/1115927YTc.webp","Endorphina"
"wild love","https://www.forbescasino.cz/game/2295/online/wild_love","https://www.forbescasino.cz/files/1115929NDd.webp","Endorphina"
"wild streak","https://www.forbescasino.cz/game/2296/online/wild_streak","https://www.forbescasino.cz/files/1115931MWM.webp","Endorphina"
"apollo multiboost","https://www.forbescasino.cz/game/2297/online/apollo_multiboost","https://www.forbescasino.cz/files/1221865NDE.webp","Apollo"
"apollo x","https://www.forbescasino.cz/game/2298/online/apollo_x","https://www.forbescasino.cz/files/1266409M2U.webp","Apollo"
"blissful jack 100","https://www.forbescasino.cz/game/2299/online/blissful_jack_100","https://www.forbescasino.cz/files/1221863ODR.webp","Apollo"
"blissful jack 40","https://www.forbescasino.cz/game/2300/online/blissful_jack_40","https://www.forbescasino.cz/files/1209293MTA.webp","Apollo"
"Bonus Joker 81","https://www.forbescasino.cz/game/2301/online/bonus_joker_81","https://www.forbescasino.cz/files/1155208YTY.webp","Apollo"
"cage fighters","https://www.forbescasino.cz/game/2302/online/cage_fighters","https://www.forbescasino.cz/files/1148942YjA.webp","Apollo"
"Cyber Beast","https://www.forbescasino.cz/game/2303/online/cyber_beast","https://www.forbescasino.cz/files/1209289M2Z.webp","Apollo"
"fruzzy craze 100","https://www.forbescasino.cz/game/2304/online/fruzzy_craze_100","https://www.forbescasino.cz/files/1221867YTk.webp","Apollo"
"happy nuts 81","https://www.forbescasino.cz/game/2305/online/happy_nuts_81","https://www.forbescasino.cz/files/1221869MTc.webp","Apollo"
"heavenly warriors","https://www.forbescasino.cz/game/2306/online/heavenly_warriors","https://www.forbescasino.cz/files/1209287NDI.webp","Apollo"
"joker double 27","https://www.forbescasino.cz/game/2307/online/joker_double_27","https://www.forbescasino.cz/files/1209291MTI.webp","Apollo"
"Karlos Game","https://www.forbescasino.cz/game/2308/online/karlos_game","https://www.forbescasino.cz/files/1154567MmQ.gif","Apollo"
"mystery apollo 243","https://www.forbescasino.cz/game/2309/online/mystery_apollo_243","https://www.forbescasino.cz/files/1155206NDF.webp","Apollo"
"mystery apollo 81","https://www.forbescasino.cz/game/2310/online/mystery_apollo_81","https://www.forbescasino.cz/files/1155207ZjA.webp","Apollo"
"neon funk","https://www.forbescasino.cz/game/2311/online/neon_funk","https://www.forbescasino.cz/files/1266413NGF.webp","Apollo"
"Oldskool Spin 243","https://www.forbescasino.cz/game/2312/online/oldskool_spin_243","https://www.forbescasino.cz/files/1155204OGI.webp","Apollo"
"oldskool spin 27","https://www.forbescasino.cz/game/2313/online/oldskool_spin_27","https://www.forbescasino.cz/files/1155205YjA.webp","Apollo"
"Respin Fire","https://www.forbescasino.cz/game/2314/online/respin_fire","https://www.forbescasino.cz/files/1266415YTN.webp","Apollo"
"respin lady","https://www.forbescasino.cz/game/2315/online/respin_lady","https://www.forbescasino.cz/files/1266417YTE.webp","Apollo"
"spin machine 81","https://www.forbescasino.cz/game/2316/online/spin_machine_81","https://www.forbescasino.cz/files/1221873MmE.webp","Apollo"
"treasures of namib","https://www.forbescasino.cz/game/2317/online/treasures_of_namib","https://www.forbescasino.cz/files/1221871ODE.webp","Apollo"
"turbo slots 27","https://www.forbescasino.cz/game/2318/online/turbo_slots_27","https://www.forbescasino.cz/files/1148937ODM.webp","Apollo"
"turbokick","https://www.forbescasino.cz/game/2319/online/turbokick","https://www.forbescasino.cz/files/1209285YzY.webp","Apollo"
"vegas 27 multiplier","https://www.forbescasino.cz/game/2320/online/vegas_27_multiplier","https://www.forbescasino.cz/files/1266420N2U.webp","Apollo"
"Vegas 81 Multiplier","https://www.forbescasino.cz/game/2321/online/vegas_81_multiplier","https://www.forbescasino.cz/files/1209283Y2Y.webp","Apollo"
"Wild Darlings","https://www.forbescasino.cz/game/2322/online/wild_darlings","https://www.forbescasino.cz/files/1266411NzY.webp","Apollo"
"vikings","https://www.forbescasino.cz/game/3452/online/vikings","https://www.forbescasino.cz/files/1007138M2Q.webp","Kajot"
"Black Pearl","https://www.forbescasino.cz/game/3453/online/black_pearl","https://www.forbescasino.cz/files/1006651ZTc.webp","E-gaming"
"After Dark","https://www.forbescasino.cz/game/3454/online/after_dark","https://www.forbescasino.cz/files/1006652MmN.webp","E-gaming"
"big show","https://www.forbescasino.cz/game/3455/online/big_show","https://www.forbescasino.cz/files/1006653YWQ.webp","E-gaming"
"criss cross","https://www.forbescasino.cz/game/3456/online/criss_cross","https://www.forbescasino.cz/files/1006654M2U.webp","E-gaming"
"Double Game","https://www.forbescasino.cz/game/3457/online/double_game","https://www.forbescasino.cz/files/1006655NTk.webp","E-gaming"
"double game 2","https://www.forbescasino.cz/game/3458/online/double_game_2","https://www.forbescasino.cz/files/1006656ZjE.webp","E-gaming"
"farmer jack","https://www.forbescasino.cz/game/3459/online/farmer_jack","https://www.forbescasino.cz/files/1006657MjI.webp","E-gaming"
"ferris wheel","https://www.forbescasino.cz/game/3460/online/ferris_wheel","https://www.forbescasino.cz/files/1006658YmQ.webp","E-gaming"
"frozzy fruits","https://www.forbescasino.cz/game/3461/online/frozzy_fruits","https://www.forbescasino.cz/files/1006659Mzc.webp","E-gaming"
"Fruit Blaster","https://www.forbescasino.cz/game/3462/online/fruit_blaster","https://www.forbescasino.cz/files/1006660NGV.webp","E-gaming"
"fruit bomb","https://www.forbescasino.cz/game/3463/online/fruit_bomb","https://www.forbescasino.cz/files/1006661NWJ.webp","E-gaming"
"Fruit Jack","https://www.forbescasino.cz/game/3464/online/fruit_jack","https://www.forbescasino.cz/files/1160946YWR.webp","E-gaming"
"frutty lab","https://www.forbescasino.cz/game/3465/online/frutty_lab","https://www.forbescasino.cz/files/1006663YWY.webp","E-gaming"
"hunter s dream 2","https://www.forbescasino.cz/game/3466/online/hunter_s_dream_2","https://www.forbescasino.cz/files/1006664MzA.webp","E-gaming"
"Hunter's Dream 2","https://www.forbescasino.cz/game/3466/online/hunters_dream_2","https://www.forbescasino.cz/files/1006664MzA.webp","E-gaming"
"jewels quest 2","https://www.forbescasino.cz/game/3467/online/jewels_quest_2","https://www.forbescasino.cz/files/1006665ODN.webp","E-gaming"
"Multi 5","https://www.forbescasino.cz/game/3468/online/multi_5","https://www.forbescasino.cz/files/1006666NjI.webp","E-gaming"
"Multiplay 81","https://www.forbescasino.cz/game/3469/online/multiplay_81","https://www.forbescasino.cz/files/1006667MzM.webp","E-gaming"
"Multiplay Hot","https://www.forbescasino.cz/game/3470/online/multiplay_hot","https://www.forbescasino.cz/files/1006668MTV.webp","E-gaming"
"Seasons","https://www.forbescasino.cz/game/3471/online/seasons","https://www.forbescasino.cz/files/1006692NmQ.webp","E-gaming"
"Space Adventure","https://www.forbescasino.cz/game/3472/online/space_adventure","https://www.forbescasino.cz/files/1006698MTA.webp","E-gaming"
"Super Reels Deluxe","https://www.forbescasino.cz/game/3473/online/super_reels_deluxe","https://www.forbescasino.cz/files/1006704OTg.webp","E-gaming"
"tornado bill","https://www.forbescasino.cz/game/3474/online/tornado_bill","https://www.forbescasino.cz/files/1006708ZmZ.webp","E-gaming"
"treasure box 2","https://www.forbescasino.cz/game/3475/online/treasure_box_2","https://www.forbescasino.cz/files/1006710NmR.webp","E-gaming"
"triple wild 7","https://www.forbescasino.cz/game/3476/online/triple_wild_7","https://www.forbescasino.cz/files/1006714MTY.webp","E-gaming"
"Wild Cookies","https://www.forbescasino.cz/game/3477/online/wild_cookies","https://www.forbescasino.cz/files/1006718MTk.webp","E-gaming"
"wild flame sevens","https://www.forbescasino.cz/game/3478/online/wild_flame_sevens","https://www.forbescasino.cz/files/1006722YTU.webp","E-gaming"
"yellow dragon","https://www.forbescasino.cz/game/3479/online/yellow_dragon","https://www.forbescasino.cz/files/1006726YTk.webp","E-gaming"
"9 stars","https://www.forbescasino.cz/game/3480/online/9_stars","https://www.forbescasino.cz/files/1007141MDc.webp","Kajot"
"ice bar 27","https://www.forbescasino.cz/game/3481/online/ice_bar_27","https://www.forbescasino.cz/files/1007143Y2R.webp","Kajot"
"Joker 27","https://www.forbescasino.cz/game/3482/online/joker_27","https://www.forbescasino.cz/files/1007145Mjk.webp","Kajot"
"joker 27 plus","https://www.forbescasino.cz/game/3483/online/joker_27_plus","https://www.forbescasino.cz/files/1007147OTl.webp","Kajot"
"joker 81","https://www.forbescasino.cz/game/3484/online/joker_81","https://www.forbescasino.cz/files/1007149NDF.webp","Kajot"
"Joker Boom","https://www.forbescasino.cz/game/3485/online/joker_boom","https://www.forbescasino.cz/files/1007151OGI.webp","Kajot"
"joker strong","https://www.forbescasino.cz/game/3486/online/joker_strong","https://www.forbescasino.cz/files/1007154Yjk.webp","Kajot"
"Multi Vegas 81","https://www.forbescasino.cz/game/3487/online/multi_vegas_81","https://www.forbescasino.cz/files/1007156ZTk.webp","Kajot"
"poly diamonds","https://www.forbescasino.cz/game/3488/online/poly_diamonds","https://www.forbescasino.cz/files/1007158YjM.webp","Kajot"
"puppet show","https://www.forbescasino.cz/game/3489/online/puppet_show","https://www.forbescasino.cz/files/1007160OGQ.webp","Kajot"
"Ring of Fire XL","https://www.forbescasino.cz/game/3490/online/ring_of_fire_xl","https://www.forbescasino.cz/files/1007162YTg.webp","Kajot"
"Simply the Best 81","https://www.forbescasino.cz/game/3491/online/simply_the_best_81","https://www.forbescasino.cz/files/1007164M2M.webp","Kajot"
"stars","https://www.forbescasino.cz/game/3492/online/stars","https://www.forbescasino.cz/files/1007166NmZ.webp","Kajot"
"turbo 27","https://www.forbescasino.cz/game/3493/online/turbo_27","https://www.forbescasino.cz/files/1007168MzE.webp","Kajot"
"wanted ","https://www.forbescasino.cz/game/3494/online/wanted_","https://www.forbescasino.cz/files/1007171NWV.webp","Kajot"
"alchemy","https://www.forbescasino.cz/game/3495/online/alchemy","https://www.forbescasino.cz/files/1007173Mjg.webp","Kajot"
"jocker boom plus","https://www.forbescasino.cz/game/3496/online/jocker_boom_plus","https://www.forbescasino.cz/files/1007175ODl.webp","Kajot"
"multi diamonds 81","https://www.forbescasino.cz/game/3497/online/multi_diamonds_81","https://www.forbescasino.cz/files/1007179MzM.webp","Kajot"
"Super Joker 40","https://www.forbescasino.cz/game/3498/online/super_joker_40","https://www.forbescasino.cz/files/1007189YzQ.webp","Kajot"
"ultimate crystals","https://www.forbescasino.cz/game/3499/online/ultimate_crystals","https://www.forbescasino.cz/files/1007191OTk.webp","Kajot"
"Midnight Fruits","https://www.forbescasino.cz/game/3500/online/midnight_fruits","https://www.forbescasino.cz/files/1160947MzY.webp","Apollo"
"Blood","https://www.forbescasino.cz/game/3501/online/blood","https://www.forbescasino.cz/files/1006853NWU.webp","Apollo"
"Bonus Joker II","https://www.forbescasino.cz/game/3502/online/bonus_joker_ii","https://www.forbescasino.cz/files/1006855Mjh.webp","Apollo"
"rur","https://www.forbescasino.cz/game/3504/online/rur","https://www.forbescasino.cz/files/1006859M2I.webp","Apollo"
"dice","https://www.forbescasino.cz/game/3505/online/dice","https://www.forbescasino.cz/files/1006861YmU.webp","Apollo"
"pandora","https://www.forbescasino.cz/game/3506/online/pandora","https://www.forbescasino.cz/files/1006863NzM.webp","Apollo"
"Slot Birds","https://www.forbescasino.cz/game/3507/online/slot_birds","https://www.forbescasino.cz/files/1006866Y2N.webp","Apollo"
"Four Fruits II","https://www.forbescasino.cz/game/3509/online/four_fruits_ii","https://www.forbescasino.cz/files/1006870MDI.webp","Apollo"
"gangster world","https://www.forbescasino.cz/game/3510/online/gangster_world","https://www.forbescasino.cz/files/1006872MmE.webp","Apollo"
"hell game","https://www.forbescasino.cz/game/3511/online/hell_game","https://www.forbescasino.cz/files/1006875ZTB.webp","Apollo"
"horror joker","https://www.forbescasino.cz/game/3512/online/horror_joker","https://www.forbescasino.cz/files/1006877MjF.webp","Apollo"
"jewel fruits","https://www.forbescasino.cz/game/3513/online/jewel_fruits","https://www.forbescasino.cz/files/1006879ZmM.webp","Apollo"
"lucky 81","https://www.forbescasino.cz/game/3514/online/lucky_81","https://www.forbescasino.cz/files/1006881ZjE.webp","Apollo"
"Mad Mechanic Deluxe","https://www.forbescasino.cz/game/3515/online/mad_mechanic_deluxe","https://www.forbescasino.cz/files/1006883MzQ.webp","Apollo"
"magic lady","https://www.forbescasino.cz/game/3516/online/magic_lady","https://www.forbescasino.cz/files/1006885NWY.webp","Apollo"
"smiling joker ii","https://www.forbescasino.cz/game/3517/online/smiling_joker_ii","https://www.forbescasino.cz/files/1006887YjI.webp","Apollo"
"Turbo Slots","https://www.forbescasino.cz/game/3518/online/turbo_slots","https://www.forbescasino.cz/files/1006894MDF.webp","Apollo"
"war of the titans","https://www.forbescasino.cz/game/3519/online/war_of_the_titans","https://www.forbescasino.cz/files/1006896Yjc.webp","Apollo"
"rich fish","https://www.forbescasino.cz/game/3520/online/rich_fish","https://www.forbescasino.cz/files/1006898NDM.webp","Apollo"
"Blood Revival","https://www.forbescasino.cz/game/3521/online/blood_revival","https://www.forbescasino.cz/files/1006901ZTJ.webp","Apollo"
"turbo slots 81","https://www.forbescasino.cz/game/3522/online/turbo_slots_81","https://www.forbescasino.cz/files/1006904ZDR.webp","Apollo"
"Slot Birds 81","https://www.forbescasino.cz/game/3523/online/slot_birds_81","https://www.forbescasino.cz/files/1006907ZDE.webp","Apollo"
"mystery apollo ii","https://www.forbescasino.cz/game/3524/online/mystery_apollo_ii","https://www.forbescasino.cz/files/1006909MWQ.webp","Apollo"
"crystal miners","https://www.forbescasino.cz/game/3525/online/crystal_miners","https://www.forbescasino.cz/files/1006913MDF.webp","Apollo"
"Golden Treasure","https://www.forbescasino.cz/game/3526/online/golden_treasure","https://www.forbescasino.cz/files/1006920MjE.webp","Apollo"
"occultum 81","https://www.forbescasino.cz/game/3527/online/occultum_81","https://www.forbescasino.cz/files/1006924OGY.webp","Apollo"
"sizzle fire","https://www.forbescasino.cz/game/3528/online/sizzle_fire","https://www.forbescasino.cz/files/1006926NTl.webp","Apollo"
"smiling joker","https://www.forbescasino.cz/game/3529/online/smiling_joker","https://www.forbescasino.cz/files/1006928MDE.webp","Apollo"
"fruity xxl","https://www.forbescasino.cz/game/3530/online/fruity_xxl","https://www.forbescasino.cz/files/1006848MzF.webp","Synot"
"Alladin and the Golden Palace","https://www.forbescasino.cz/game/3531/online/aladdin_and_the_golden_palace","https://www.forbescasino.cz/files/1006890ZGR.webp","Synot"
"grand gems","https://www.forbescasino.cz/game/3532/online/grand_gems","https://www.forbescasino.cz/files/1006892YTN.webp","Synot"
"Hell Bars","https://www.forbescasino.cz/game/3533/online/hell_bars","https://www.forbescasino.cz/files/1006911Njc.webp","Synot"
"6fruits","https://www.forbescasino.cz/game/3534/online/6fruits","https://www.forbescasino.cz/files/1160948YWJ.webp","Synot"
"alchemist s gold","https://www.forbescasino.cz/game/3535/online/alchemist_s_gold","https://www.forbescasino.cz/files/1006918MTA.webp","Synot"
"Blazing Ice","https://www.forbescasino.cz/game/3536/online/blazing_ice","https://www.forbescasino.cz/files/1006922YTQ.webp","Synot"
"book of secrets","https://www.forbescasino.cz/game/3537/online/book_of_secrets","https://www.forbescasino.cz/files/1006940YjM.webp","Synot"
"corsair queen","https://www.forbescasino.cz/game/3538/online/corsair_queen","https://www.forbescasino.cz/files/1006942ZDN.webp","Synot"
"dice rush","https://www.forbescasino.cz/game/3539/online/dice_rush","https://www.forbescasino.cz/files/1006944ZTU.webp","Synot"
"dicey fruits","https://www.forbescasino.cz/game/3540/online/dicey_fruits","https://www.forbescasino.cz/files/1006948NTY.webp","Synot"
"dolphin s wild ride","https://www.forbescasino.cz/game/3541/online/dolphin_s_wild_ride","https://www.forbescasino.cz/files/1006950Y2R.webp","Synot"
"double hot","https://www.forbescasino.cz/game/3542/online/double_hot","https://www.forbescasino.cz/files/1006952YjZ.webp","Synot"
"Dragons of Fortune","https://www.forbescasino.cz/game/3543/online/dragons_of_fortune","https://www.forbescasino.cz/files/1006958OWJ.webp","Synot"
"Firebird Double 27","https://www.forbescasino.cz/game/3544/online/firebird_double_27","https://www.forbescasino.cz/files/1160950Mjd.webp","Synot"
"fire witch","https://www.forbescasino.cz/game/3545/online/fire_witch","https://www.forbescasino.cz/files/1006968ZWU.webp","Synot"
"flip the chip","https://www.forbescasino.cz/game/3546/online/flip_the_chip","https://www.forbescasino.cz/files/1006974YmM.webp","Synot"
"8 flowers","https://www.forbescasino.cz/game/3547/online/8_flowers","https://www.forbescasino.cz/files/1006977YTU.webp","Synot"
"fruit awards","https://www.forbescasino.cz/game/3548/online/fruit_awards","https://www.forbescasino.cz/files/1006982MzJ.webp","Synot"
"fruiti","https://www.forbescasino.cz/game/3549/online/fruiti","https://www.forbescasino.cz/files/1006985YTE.webp","Synot"
"fruitix","https://www.forbescasino.cz/game/3550/online/fruitix","https://www.forbescasino.cz/files/1006988ZDE.webp","Synot"
"FruitiXL","https://www.forbescasino.cz/game/3551/online/fruitixl","https://www.forbescasino.cz/files/1006991NGR.webp","Synot"
"fruitixx","https://www.forbescasino.cz/game/3552/online/fruitixx","https://www.forbescasino.cz/files/1006993ZDc.webp","Synot"
"fruits n fire","https://www.forbescasino.cz/game/3553/online/fruits_n_fire","https://www.forbescasino.cz/files/1006997M2Y.webp","Synot"
"Fruity Gold","https://www.forbescasino.cz/game/3554/online/fruity_gold","https://www.forbescasino.cz/files/1160951ODF.webp","Synot"
"gem o rama","https://www.forbescasino.cz/game/3555/online/gem_o_rama","https://www.forbescasino.cz/files/1007002NTR.webp","Synot"
"Golden Myth","https://www.forbescasino.cz/game/3556/online/golden_myth","https://www.forbescasino.cz/files/1007004N2V.webp","Synot"
"harlequin dice","https://www.forbescasino.cz/game/3557/online/harlequin_dice","https://www.forbescasino.cz/files/1007006YzY.webp","Synot"
"Hell mania","https://www.forbescasino.cz/game/3558/online/hell_mania","https://www.forbescasino.cz/files/1007008OWF.webp","Synot"
"hot africa","https://www.forbescasino.cz/game/3559/online/hot_africa","https://www.forbescasino.cz/files/1007010MDE.webp","Synot"
"armed n wild","https://www.forbescasino.cz/game/3560/online/armed_n_wild","https://www.forbescasino.cz/files/1007012MTM.webp","Synot"
"88 Pearls","https://www.forbescasino.cz/game/3561/online/88_pearls","https://www.forbescasino.cz/files/1007014MDM.webp","Synot"
"hunter s spirit","https://www.forbescasino.cz/game/3562/online/hunter_s_spirit","https://www.forbescasino.cz/files/1160952ZjQ.webp","Synot"
"Hunter’s Spirit","https://www.forbescasino.cz/game/3562/online/hunters_spirit","https://www.forbescasino.cz/files/1160952ZjQ.webp","Synot"
"jewels fortune","https://www.forbescasino.cz/game/3563/online/jewels_fortune","https://www.forbescasino.cz/files/1007019ODI.webp","Synot"
"Joker 40","https://www.forbescasino.cz/game/3564/online/joker_40","https://www.forbescasino.cz/files/1160953ZmV.webp","Synot"
"joker s five","https://www.forbescasino.cz/game/3565/online/joker_s_five","https://www.forbescasino.cz/files/1160954YzQ.webp","Synot"
"Joker’s Five","https://www.forbescasino.cz/game/3565/online/jokers_five","https://www.forbescasino.cz/files/1160954YzQ.webp","Synot"
"Lucky Elements","https://www.forbescasino.cz/game/3566/online/lucky_elements","https://www.forbescasino.cz/files/1007026ZWN.webp","Synot"
"lucky pot","https://www.forbescasino.cz/game/3567/online/lucky_pot","https://www.forbescasino.cz/files/1007029N2U.webp","Synot"
"mirror shield","https://www.forbescasino.cz/game/3568/online/mirror_shield","https://www.forbescasino.cz/files/1007031YjE.webp","Synot"
"moonlight fortune","https://www.forbescasino.cz/game/3569/online/moonlight_fortune","https://www.forbescasino.cz/files/1007033Mjg.webp","Synot"
"mysterious atlantis","https://www.forbescasino.cz/game/3570/online/mysterious_atlantis","https://www.forbescasino.cz/files/1007035ZmM.webp","Synot"
"neon fever","https://www.forbescasino.cz/game/3571/online/neon_fever","https://www.forbescasino.cz/files/1007037MDc.webp","Synot"
"reel sheriff","https://www.forbescasino.cz/game/3572/online/reel_sheriff","https://www.forbescasino.cz/files/694500NzE.webp","Synot"
"Respin Joker","https://www.forbescasino.cz/game/3573/online/respin_joker","https://www.forbescasino.cz/files/1160955MTF.webp","Synot"
"rich pirates","https://www.forbescasino.cz/game/3574/online/rich_pirates","https://www.forbescasino.cz/files/1007041ZWU.webp","Synot"
"sync spin","https://www.forbescasino.cz/game/3575/online/sync_spin","https://www.forbescasino.cz/files/1007043NDI.webp","Synot"
"The Wild Job","https://www.forbescasino.cz/game/3576/online/the_wild_job","https://www.forbescasino.cz/files/1007045ZmE.webp","Synot"
"wild blooms","https://www.forbescasino.cz/game/3577/online/wild_blooms","https://www.forbescasino.cz/files/1007047Mzk.webp","Synot"
"wild circus 256 ","https://www.forbescasino.cz/game/3578/online/wild_circus_256_","https://www.forbescasino.cz/files/1007049ZmZ.webp",""
"wild warp","https://www.forbescasino.cz/game/3579/online/wild_warp","https://www.forbescasino.cz/files/1007051YTF.webp","Synot"
"hell fruits","https://www.forbescasino.cz/game/3580/online/hell_fruits","https://www.forbescasino.cz/files/1160957NzV.webp","Synot"
"blazing reels","https://www.forbescasino.cz/game/3581/online/blazing_reels","https://www.forbescasino.cz/files/1006728NjE.webp","E-gaming"
"Nightmare Squad","https://www.forbescasino.cz/game/3582/online/nightmare_squad","https://www.forbescasino.cz/files/1006742NTk.webp","E-gaming"
"primal age","https://www.forbescasino.cz/game/3583/online/primal_age","https://www.forbescasino.cz/files/1006744ZjA.webp","E-gaming"
"Triple Wild Seven 5 Reels","https://www.forbescasino.cz/game/3584/online/triple_wild_seven_5_reels","https://www.forbescasino.cz/files/1006754NzB.webp","E-gaming"
"Pirate Adventures","https://www.forbescasino.cz/game/3585/online/pirate_adventures","https://www.forbescasino.cz/files/1006764Mjl.webp","E-gaming"
"Treasures of Asgard","https://www.forbescasino.cz/game/3586/online/treasures_of_asgard","https://www.forbescasino.cz/files/1006770YjJ.webp","E-gaming"
"Super Star 27","https://www.forbescasino.cz/game/3587/online/super_star_27","https://www.forbescasino.cz/files/1006793ZTk.webp","E-gaming"
"Savana Sunrise Deluxe","https://www.forbescasino.cz/game/3588/online/savana_sunrise_deluxe","https://www.forbescasino.cz/files/1006795ODV.webp","E-gaming"
"pinky cat","https://www.forbescasino.cz/game/3589/online/pinky_cat","https://www.forbescasino.cz/files/1006930MTU.webp","Apollo"
"Boofa","https://www.forbescasino.cz/game/3590/online/boofa","https://www.forbescasino.cz/files/1006932MDB.webp","Apollo"
"sunset hotline","https://www.forbescasino.cz/game/3591/online/sunset_hotline","https://www.forbescasino.cz/files/1006934ZjN.webp","Apollo"
"rich kittens","https://www.forbescasino.cz/game/3592/online/rich_kittens","https://www.forbescasino.cz/files/1006936YjV.webp","Apollo"
"smiling 1linr","https://www.forbescasino.cz/game/3593/online/smiling_1linr","https://www.forbescasino.cz/files/1006938YTY.webp","Apollo"
"happy nuts","https://www.forbescasino.cz/game/3594/online/happy_nuts","https://www.forbescasino.cz/files/1006954YzA.webp","Apollo"
"243 crystal fruits","https://www.forbescasino.cz/game/3595/online/243_crystal_fruits","https://www.forbescasino.cz/files/1160959Nzh.webp","Tom Horn"
"sherlock a scandal in bohemia","https://www.forbescasino.cz/game/3596/online/sherlock_a_scandal_in_bohemia","https://www.forbescasino.cz/files/1007626OTh.webp","Tom Horn"
"hot n fruity","https://www.forbescasino.cz/game/3597/online/hot_n_fruity","https://www.forbescasino.cz/files/1160960M2E.webp","Tom Horn"
"hot blizzard","https://www.forbescasino.cz/game/3598/online/hot_blizzard","https://www.forbescasino.cz/files/1007630NmJ.webp","Tom Horn"
"flaming fruit","https://www.forbescasino.cz/game/3599/online/flaming_fruit","https://www.forbescasino.cz/files/1007632ZDJ.webp","Tom Horn"
"fire n hot","https://www.forbescasino.cz/game/3600/online/fire_n_hot","https://www.forbescasino.cz/files/1007634YzJ.webp","Tom Horn"
"diamond hill","https://www.forbescasino.cz/game/3601/online/diamond_hill","https://www.forbescasino.cz/files/1007636OTg.webp","Tom Horn"
"book of spells","https://www.forbescasino.cz/game/3602/online/book_of_spells","https://www.forbescasino.cz/files/1007638Mjc.webp","Tom Horn"
"The Secret of Ba","https://www.forbescasino.cz/game/3603/online/the_secret_of_ba","https://www.forbescasino.cz/files/1007640MTM.webp","Tom Horn"
"black mummy","https://www.forbescasino.cz/game/3604/online/black_mummy","https://www.forbescasino.cz/files/1007642MTE.webp","Tom Horn"
"Wolf Gold","https://www.forbescasino.cz/game/3605/online/wolf_gold","https://www.forbescasino.cz/files/1007737NmZ.webp","Pragmatic Play"
"the dog house","https://www.forbescasino.cz/game/3606/online/the_dog_house","https://www.forbescasino.cz/files/1007717MjI.webp","Pragmatic Play"
"Sweet Bonanza","https://www.forbescasino.cz/game/3607/online/sweet_bonanza","https://www.forbescasino.cz/files/1007711ZDU.webp","Pragmatic Play"
"sweet bonanza xmas","https://www.forbescasino.cz/game/3608/online/sweet_bonanza_xmas","https://www.forbescasino.cz/files/1007713NmM.webp","Pragmatic Play"
"Fruit Party","https://www.forbescasino.cz/game/3609/online/fruit_party","https://www.forbescasino.cz/files/1007672MDc.webp","Pragmatic Play"
"aztec gems deluxe","https://www.forbescasino.cz/game/3610/online/aztec_gems_deluxe","https://www.forbescasino.cz/files/1007647Zjg.webp","Pragmatic Play"
"The Dog House Megaways","https://www.forbescasino.cz/game/3611/online/the_dog_house_megaways","https://www.forbescasino.cz/files/1007719ZDQ.webp","Pragmatic Play"
"big bass bonanza","https://www.forbescasino.cz/game/3612/online/big_bass_bonanza","https://www.forbescasino.cz/files/1160929YWQ.webp","Pragmatic Play"
"Madame Destiny Megaways","https://www.forbescasino.cz/game/3613/online/madame_destiny_megaways","https://www.forbescasino.cz/files/1007698ODR.webp","Pragmatic Play"
"Gates of Olympus","https://www.forbescasino.cz/game/3614/online/gates_of_olympus","https://www.forbescasino.cz/files/1160945YWM.webp","Pragmatic Play"
"Buffalo King Megaways","https://www.forbescasino.cz/game/3616/online/buffalo_king_megaways","https://www.forbescasino.cz/files/1007655ZjM.webp","Pragmatic Play"
"buffalo 50","https://www.forbescasino.cz/game/3617/online/buffalo_50","https://www.forbescasino.cz/files/1006670ZWF.webp","Endorphina"
"chance machine 100","https://www.forbescasino.cz/game/3618/online/chance_machine_100","https://www.forbescasino.cz/files/1006672OTc.webp","Endorphina"
"chance machine 5","https://www.forbescasino.cz/game/3619/online/chance_machine_5","https://www.forbescasino.cz/files/1006674OWF.webp","Endorphina"
"fresh fruits","https://www.forbescasino.cz/game/3620/online/fresh_fruits","https://www.forbescasino.cz/files/1006676M2Z.webp","Endorphina"
"Aztec Jaguar","https://www.forbescasino.cz/game/3621/online/aztec_jaguar","https://www.forbescasino.cz/files/1007055MDY.webp","Synot"
"fruit joker ii","https://www.forbescasino.cz/game/3622/online/fruit_joker_ii","https://www.forbescasino.cz/files/1007741MmM.webp","Adell"
"243 mexicana","https://www.forbescasino.cz/game/3623/online/243_mexicana","https://www.forbescasino.cz/files/1007057YmU.webp","Synot"
"amazon s wonders","https://www.forbescasino.cz/game/3624/online/amazon_s_wonders","https://www.forbescasino.cz/files/1007785ZmJ.webp","Synot"
"Amazon’s Wonders","https://www.forbescasino.cz/game/3624/online/amazons_wonders","https://www.forbescasino.cz/files/1007785ZmJ.webp","Synot"
"Respin Joker 81","https://www.forbescasino.cz/game/3625/online/respin_joker_81","https://www.forbescasino.cz/files/1160956ZmV.webp","Synot"
"Fruity Gold 81","https://www.forbescasino.cz/game/3626/online/fruity_gold_81","https://www.forbescasino.cz/files/1160958ZGF.webp","Synot"
"DiamondZ","https://www.forbescasino.cz/game/3627/online/diamondz","https://www.forbescasino.cz/files/1007066NjM.webp","Synot"
"4 spin","https://www.forbescasino.cz/game/3628/online/4_spin","https://www.forbescasino.cz/files/1006799MGU.webp","E-gaming"
"mountain legends","https://www.forbescasino.cz/game/3629/online/mountain_legends","https://www.forbescasino.cz/files/1006807YmM.webp","E-gaming"
"mountain legends 2","https://www.forbescasino.cz/game/3630/online/mountain_legends_2","https://www.forbescasino.cz/files/1006809ODY.webp","E-gaming"
"vigorous knights","https://www.forbescasino.cz/game/3631/online/vigorous_knights","https://www.forbescasino.cz/files/1006817N2Y.webp","E-gaming"
"frutiki tribe","https://www.forbescasino.cz/game/3632/online/frutiki_tribe","https://www.forbescasino.cz/files/1006964YjJ.webp","Apollo"
"scary night","https://www.forbescasino.cz/game/3633/online/scary_night","https://www.forbescasino.cz/files/1006966NjY.webp","Apollo"
"aztec mystery","https://www.forbescasino.cz/game/3634/online/aztec_mystery","https://www.forbescasino.cz/files/1006970ODJ.webp","Apollo"
"red evil","https://www.forbescasino.cz/game/3635/online/red_evil","https://www.forbescasino.cz/files/1006972MGI.webp","Apollo"
"27 joker fruits","https://www.forbescasino.cz/game/3636/online/27_joker_fruits","https://www.forbescasino.cz/files/1007068OTk.webp","Synot"
"81 Joker Fruits","https://www.forbescasino.cz/game/3637/online/81_joker_fruits","https://www.forbescasino.cz/files/1007070Njc.webp","Synot"
"skull bonanza","https://www.forbescasino.cz/game/3638/online/skull_bonanza","https://www.forbescasino.cz/files/1007072M2Q.webp","Synot"
"zeus wild thunder","https://www.forbescasino.cz/game/3639/online/zeus_wild_thunder","https://www.forbescasino.cz/files/1007074OTh.webp","Synot"
"buffalo hunt","https://www.forbescasino.cz/game/3640/online/buffalo_hunt","https://www.forbescasino.cz/files/1007076NmE.webp","Synot"
"joker 50 deluxe","https://www.forbescasino.cz/game/3641/online/joker_50_deluxe","https://www.forbescasino.cz/files/1007079MGR.webp","Synot"
"monkey slots","https://www.forbescasino.cz/game/3642/online/monkey_slots","https://www.forbescasino.cz/files/1007082NmY.webp","Synot"
"pixel reels","https://www.forbescasino.cz/game/3643/online/pixel_reels","https://www.forbescasino.cz/files/1007086YzM.webp","Synot"
"fruits go multiply","https://www.forbescasino.cz/game/3644/online/fruits_go_multiply","https://www.forbescasino.cz/files/1007089ZWM.webp","Synot"
"goblinions","https://www.forbescasino.cz/game/3645/online/goblinions","https://www.forbescasino.cz/files/1007091YTE.webp","Synot"
"6 Fruits Deluxe","https://www.forbescasino.cz/game/3646/online/6_fruits_deluxe","https://www.forbescasino.cz/files/1007093Mzh.webp","Synot"
"Tiki Princess","https://www.forbescasino.cz/game/3647/online/tiki_princess","https://www.forbescasino.cz/files/1007095ZGY.webp","Synot"
"Book of Secrets 6","https://www.forbescasino.cz/game/3648/online/book_of_secrets_6","https://www.forbescasino.cz/files/1007097ZmV.webp","Synot"
"solar god","https://www.forbescasino.cz/game/3649/online/solar_god","https://www.forbescasino.cz/files/1007099ZDU.webp","Synot"
"retro wheels","https://www.forbescasino.cz/game/3650/online/retro_wheels","https://www.forbescasino.cz/files/1007193ZGZ.webp","Kajot"
"tutti frutti","https://www.forbescasino.cz/game/3651/online/tutti_frutti","https://www.forbescasino.cz/files/1007195NmI.webp","Kajot"
"blind wild","https://www.forbescasino.cz/game/3652/online/blind_wild","https://www.forbescasino.cz/files/1007743Mjg.webp","Adell"
"apocalyptic wild","https://www.forbescasino.cz/game/3653/online/apocalyptic_wild","https://www.forbescasino.cz/files/1007745ZWV.webp","Adell"
"Fruit Joker","https://www.forbescasino.cz/game/3654/online/fruit_joker","https://www.forbescasino.cz/files/1007747YmU.webp","Adell"
"jin jang","https://www.forbescasino.cz/game/3655/online/jin_jang","https://www.forbescasino.cz/files/1007749YmM.webp","Adell"
"mega cross 4 ","https://www.forbescasino.cz/game/3656/online/mega_cross_4_","https://www.forbescasino.cz/files/1007751OGV.webp","Adell"
"asgardians","https://www.forbescasino.cz/game/3657/online/asgardians","https://www.forbescasino.cz/files/1006688ODh.webp","Endorphina"
"almighty sparta","https://www.forbescasino.cz/game/3658/online/almighty_sparta","https://www.forbescasino.cz/files/1006690NmY.webp","Endorphina"
"7 Bonus Up","https://www.forbescasino.cz/game/3659/online/7_bonus_up","https://www.forbescasino.cz/files/1006694N2N.webp","Endorphina"
"diamonal 81","https://www.forbescasino.cz/game/3660/online/diamonal_81","https://www.forbescasino.cz/files/1007700MjV.webp","Adell"
"fixi dixi","https://www.forbescasino.cz/game/3661/online/fixi_dixi","https://www.forbescasino.cz/files/1007721ZmM.webp","Adell"
"4x4 fruits","https://www.forbescasino.cz/game/3662/online/4x4_fruits","https://www.forbescasino.cz/files/1007733NTI.webp","Adell"
"5 Stones","https://www.forbescasino.cz/game/3663/online/5_stones","https://www.forbescasino.cz/files/1007739ZWE.webp",""
"5 stones ","https://www.forbescasino.cz/game/3663/online/5_stones_","https://www.forbescasino.cz/files/1007739ZWE.webp",""
"diamond chance","https://www.forbescasino.cz/game/3664/online/diamond_chance","https://www.forbescasino.cz/files/1006702YWY.webp","Endorphina"
"gem blast","https://www.forbescasino.cz/game/3665/online/gem_blast","https://www.forbescasino.cz/files/1006712Y2Y.webp","Endorphina"
"minotaurus","https://www.forbescasino.cz/game/3666/online/minotaurus","https://www.forbescasino.cz/files/1006716MjA.webp","Endorphina"
"ancient troy","https://www.forbescasino.cz/game/3667/online/ancient_troy","https://www.forbescasino.cz/files/1006720MTc.webp","Endorphina"
"book of santa","https://www.forbescasino.cz/game/3668/online/book_of_santa","https://www.forbescasino.cz/files/1006724ZjB.webp","Endorphina"
"royal fruits","https://www.forbescasino.cz/game/3669/online/royal_fruits","https://www.forbescasino.cz/files/1007753Yjd.webp","Adell"
"way to hell","https://www.forbescasino.cz/game/3670/online/way_to_hell","https://www.forbescasino.cz/files/1007755NWF.webp","Adell"
"bay of pirates","https://www.forbescasino.cz/game/3671/online/bay_of_pirates","https://www.forbescasino.cz/files/1007757YTU.webp","Adell"
"cinema 81","https://www.forbescasino.cz/game/3672/online/cinema_81","https://www.forbescasino.cz/files/1007759MzY.webp","Adell"
"secret of castle","https://www.forbescasino.cz/game/3673/online/secret_of_castle","https://www.forbescasino.cz/files/1007761ZGI.webp","Adell"
"chance machine 40","https://www.forbescasino.cz/game/3674/online/chance_machine_40","https://www.forbescasino.cz/files/1006730ZGE.webp","Endorphina"
"Lucky Streak 2","https://www.forbescasino.cz/game/3675/online/lucky_streak_2","https://www.forbescasino.cz/files/1006734ZDM.webp","Endorphina"
"Western Story","https://www.forbescasino.cz/game/3676/online/western_story","https://www.forbescasino.cz/files/1007763ZTd.webp","Adell"
"wild fall","https://www.forbescasino.cz/game/3677/online/wild_fall","https://www.forbescasino.cz/files/1007765Zjk.webp","Adell"
"x zodiac","https://www.forbescasino.cz/game/3678/online/x_zodiac","https://www.forbescasino.cz/files/1007767MGE.webp","Adell"
"game of castles","https://www.forbescasino.cz/game/3679/online/game_of_castles","https://www.forbescasino.cz/files/1079941ZDg.webp","Adell"
"haloween night","https://www.forbescasino.cz/game/3680/online/haloween_night","https://www.forbescasino.cz/files/1007776YTA.webp","Adell"
"voodoo","https://www.forbescasino.cz/game/3681/online/voodoo","https://www.forbescasino.cz/files/1006738MTV.webp","Endorphina"
"water tiger","https://www.forbescasino.cz/game/3682/online/water_tiger","https://www.forbescasino.cz/files/1006740ZjU.webp","Endorphina"
"geisha","https://www.forbescasino.cz/game/3683/online/geisha","https://www.forbescasino.cz/files/1006748ZjA.webp","Endorphina"
"aus dem tal","https://www.forbescasino.cz/game/3684/online/aus_dem_tal","https://www.forbescasino.cz/files/1006750Yzg.webp","Endorphina"
"in jazz","https://www.forbescasino.cz/game/3685/online/in_jazz","https://www.forbescasino.cz/files/1006756NTJ.webp","Endorphina"
"lucky streak 1","https://www.forbescasino.cz/game/3686/online/lucky_streak_1","https://www.forbescasino.cz/files/1006760OTh.webp","Endorphina"
"safari","https://www.forbescasino.cz/game/3687/online/safari","https://www.forbescasino.cz/files/1006762ODQ.webp","Endorphina"
"Jetsetter","https://www.forbescasino.cz/game/3688/online/jetsetter","https://www.forbescasino.cz/files/1006766NmY.webp","Endorphina"
"cash tank","https://www.forbescasino.cz/game/3689/online/cash_tank","https://www.forbescasino.cz/files/1006768ZTA.webp","Endorphina"
"dia de los muertos","https://www.forbescasino.cz/game/3690/online/dia_de_los_muertos","https://www.forbescasino.cz/files/1006772YTZ.webp","Endorphina"
"sparkling fresh","https://www.forbescasino.cz/game/3691/online/sparkling_fresh","https://www.forbescasino.cz/files/1006775N2E.webp","Endorphina"
"slotomoji","https://www.forbescasino.cz/game/3692/online/slotomoji","https://www.forbescasino.cz/files/1006776OTk.webp","Endorphina"
"the emirate","https://www.forbescasino.cz/game/3693/online/the_emirate","https://www.forbescasino.cz/files/1006780ODk.webp","Endorphina"
"mongol treasures","https://www.forbescasino.cz/game/3694/online/mongol_treasures","https://www.forbescasino.cz/files/1006784ODN.webp","Endorphina"
"more fresh fruits","https://www.forbescasino.cz/game/3695/online/more_fresh_fruits","https://www.forbescasino.cz/files/1006786MDc.webp","Endorphina"
"Red Evil","https://www.forbescasino.cz/game/3696/online/red_cap","https://www.forbescasino.cz/files/1006788ZTg.webp","Apollo"
"around the world","https://www.forbescasino.cz/game/3697/online/around_the_world","https://www.forbescasino.cz/files/1006790ODA.webp","Endorphina"
"book of kingdoms","https://www.forbescasino.cz/game/3698/online/book_of_kingdoms","https://www.forbescasino.cz/files/1007651MWN.webp","Pragmatic Play"
"congo cash","https://www.forbescasino.cz/game/3699/online/congo_cash","https://www.forbescasino.cz/files/1007658NDU.webp","Pragmatic Play"
"Cowboys Gold","https://www.forbescasino.cz/game/3700/online/cowboys_gold","https://www.forbescasino.cz/files/1007660ZDE.webp","Pragmatic Play"
"diamond strike","https://www.forbescasino.cz/game/3701/online/diamond_strike","https://www.forbescasino.cz/files/1007662YmJ.webp","Pragmatic Play"
"eye of the storm","https://www.forbescasino.cz/game/3702/online/eye_of_the_storm","https://www.forbescasino.cz/files/1007666NDJ.webp","Pragmatic Play"
"fire strike","https://www.forbescasino.cz/game/3703/online/fire_strike","https://www.forbescasino.cz/files/1007668YTA.webp","Pragmatic Play"
"fishin reels","https://www.forbescasino.cz/game/3704/online/fishin_reels","https://www.forbescasino.cz/files/1007670Zjl.webp","Pragmatic Play"
"Gems Bonanza","https://www.forbescasino.cz/game/3705/online/gems_bonanza","https://www.forbescasino.cz/files/1007676M2M.webp","Pragmatic Play"
"great rhino","https://www.forbescasino.cz/game/3706/online/great_rhino","https://www.forbescasino.cz/files/1007678NWM.webp","Pragmatic Play"
"great rhino megaways","https://www.forbescasino.cz/game/3707/online/great_rhino_megaways","https://www.forbescasino.cz/files/1007680N2R.webp","Pragmatic Play"
"chilli heat","https://www.forbescasino.cz/game/3708/online/chilli_heat","https://www.forbescasino.cz/files/1007687MzI.webp","Pragmatic Play"
"john hunter and the book of tut","https://www.forbescasino.cz/game/3709/online/john_hunter_and_the_book_of_tut","https://www.forbescasino.cz/files/1007689ZGI.webp","Pragmatic Play"
"Joker King","https://www.forbescasino.cz/game/3710/online/joker_king","https://www.forbescasino.cz/files/1007691ZGR.webp","Pragmatic Play"
"joker s jewels","https://www.forbescasino.cz/game/3711/online/joker_s_jewels","https://www.forbescasino.cz/files/1007693MWI.webp","Pragmatic Play"
"Joker´s Jewels","https://www.forbescasino.cz/game/3711/online/jokers_jewels","https://www.forbescasino.cz/files/1007693MWI.webp","Pragmatic Play"
"juicy fruits","https://www.forbescasino.cz/game/3712/online/juicy_fruits","https://www.forbescasino.cz/files/1007695ZDF.webp","Pragmatic Play"
"Master Joker","https://www.forbescasino.cz/game/3713/online/master_joker","https://www.forbescasino.cz/files/1007702NDQ.webp","Pragmatic Play"
"phoenix forge","https://www.forbescasino.cz/game/3714/online/phoenix_forge","https://www.forbescasino.cz/files/1007704ZDI.webp","Pragmatic Play"
"the hand of midas","https://www.forbescasino.cz/game/3715/online/the_hand_of_midas","https://www.forbescasino.cz/files/1007723OWU.webp","Pragmatic Play"
"Hot to Burn Hold and Spin","https://www.forbescasino.cz/game/3716/online/ultra_hold_and_spin","https://www.forbescasino.cz/files/1007729MGU.webp","Pragmatic Play"
"wild west gold","https://www.forbescasino.cz/game/3717/online/wild_west_gold","https://www.forbescasino.cz/files/1007731ZjQ.webp","Pragmatic Play"
"wild wild riches","https://www.forbescasino.cz/game/3718/online/wild_wild_riches","https://www.forbescasino.cz/files/1007735YWF.webp","Pragmatic Play"
"chance machine 20","https://www.forbescasino.cz/game/3719/online/chance_machine_20","https://www.forbescasino.cz/files/1006797MmY.webp","Endorphina"
"football on fire","https://www.forbescasino.cz/game/3720/online/football_on_fire","https://www.forbescasino.cz/files/1007197NGY.webp","Kajot"
"happy diamonds","https://www.forbescasino.cz/game/3721/online/happy_diamonds","https://www.forbescasino.cz/files/1007198NTd.webp","Kajot"
"cheeser and jasper","https://www.forbescasino.cz/game/3722/online/cheeser_and_jasper","https://www.forbescasino.cz/files/1007199YjA.webp","Kajot"
"chica bonita","https://www.forbescasino.cz/game/3723/online/chica_bonita","https://www.forbescasino.cz/files/1007200NzE.webp","Kajot"
"simply hot 10","https://www.forbescasino.cz/game/3724/online/simply_hot_10","https://www.forbescasino.cz/files/1007201YzZ.webp","Kajot"
"simply hot 4","https://www.forbescasino.cz/game/3725/online/simply_hot_4","https://www.forbescasino.cz/files/1007202ZmV.webp","Kajot"
"simply hot 40","https://www.forbescasino.cz/game/3726/online/simply_hot_40","https://www.forbescasino.cz/files/1007203Njg.webp","Kajot"
"Vegas 27 Street","https://www.forbescasino.cz/game/3727/online/vegas_27_street","https://www.forbescasino.cz/files/1007205MDV.webp","Kajot"
"european roulette","https://www.forbescasino.cz/game/3728/online/european_roulette","https://www.forbescasino.cz/files/1159697NWE.webp","Tom Horn"
"243 crystal fruits reversed","https://www.forbescasino.cz/game/3729/online/243_crystal_fruits_reversed","https://www.forbescasino.cz/files/1159716YWZ.webp","Tom Horn"
"mine mine quest","https://www.forbescasino.cz/game/3730/online/mine_mine_quest","https://www.forbescasino.cz/files/1007646ODM.webp","Tom Horn"
"clown fish","https://www.forbescasino.cz/game/3731/online/clown_fish","https://www.forbescasino.cz/files/1006976ZmZ.webp","Apollo"
"golden basket 27","https://www.forbescasino.cz/game/3732/online/golden_basket_27","https://www.forbescasino.cz/files/1006979MGQ.webp","Apollo"
"81st cabaret","https://www.forbescasino.cz/game/3733/online/81st_cabaret","https://www.forbescasino.cz/files/1007102MDE.webp","Synot"
"27th cabaret","https://www.forbescasino.cz/game/3734/online/27th_cabaret","https://www.forbescasino.cz/files/1007103YzB.webp","Synot"
"Aladdin and the Magic Carpet","https://www.forbescasino.cz/game/3735/online/aladdin_and_the_magic_carpet","https://www.forbescasino.cz/files/1007105YmY.webp","Synot"
"book of secrets extra","https://www.forbescasino.cz/game/3736/online/book_of_secrets_extra","https://www.forbescasino.cz/files/1007106N2E.webp","Synot"
"Easter Fortune","https://www.forbescasino.cz/game/3737/online/easter_fortune","https://www.forbescasino.cz/files/1007107M2Z.webp","Synot"
"Firebird 27","https://www.forbescasino.cz/game/3738/online/firebird_27","https://www.forbescasino.cz/files/1007108ODA.webp","Synot"
"fire spell","https://www.forbescasino.cz/game/3739/online/fire_spell","https://www.forbescasino.cz/files/1007109YzN.webp","Synot"
"gold o clock","https://www.forbescasino.cz/game/3740/online/gold_o_clock","https://www.forbescasino.cz/files/1007110OTA.webp","Synot"
"jack and the mystery monsters","https://www.forbescasino.cz/game/3741/online/jack_and_the_mystery_monsters","https://www.forbescasino.cz/files/1007111ODF.webp","Synot"
"joker 5","https://www.forbescasino.cz/game/3742/online/joker_5","https://www.forbescasino.cz/files/1007112YmN.webp","Synot"
"eldorado","https://www.forbescasino.cz/game/3743/online/eldorado","https://www.forbescasino.cz/files/1007115NTc.webp","Synot"
"multi bricks","https://www.forbescasino.cz/game/3744/online/multi_bricks","https://www.forbescasino.cz/files/1007116Nzd.webp","Synot"
"wandering wild","https://www.forbescasino.cz/game/3745/online/wandering_wild","https://www.forbescasino.cz/files/1007117ZWF.webp","Synot"
"big x","https://www.forbescasino.cz/game/3746/online/big_x","https://www.forbescasino.cz/files/1007118MmN.webp","Synot"
"lightning spell","https://www.forbescasino.cz/game/3747/online/lightning_spell","https://www.forbescasino.cz/files/1007119OWI.webp","Synot"
"legends of the colosseum","https://www.forbescasino.cz/game/3748/online/legends_of_the_colosseum","https://www.forbescasino.cz/files/1007120MjM.webp","Synot"
"masters of eclipse","https://www.forbescasino.cz/game/3749/online/masters_of_eclipse","https://www.forbescasino.cz/files/1007121YmF.webp","Synot"
"Respin Joker 243","https://www.forbescasino.cz/game/3750/online/respin_joker_243","https://www.forbescasino.cz/files/1007122YmU.webp","Synot"
"sweet dream","https://www.forbescasino.cz/game/3751/online/sweet_dream","https://www.forbescasino.cz/files/1007123MWY.webp","Synot"
"xmas secret","https://www.forbescasino.cz/game/3752/online/xmas_secret","https://www.forbescasino.cz/files/1007124NTV.webp","Synot"
"moonlight fortune 50","https://www.forbescasino.cz/game/3753/online/moonlight_fortune_50","https://www.forbescasino.cz/files/1007125NjJ.webp","Synot"
"Shuriken Legend","https://www.forbescasino.cz/game/3754/online/shuriken_legend","https://www.forbescasino.cz/files/1007126YjN.webp","Synot"
"reel hot respin ","https://www.forbescasino.cz/game/3755/online/reel_hot_respin_","https://www.forbescasino.cz/files/1007127Mzc.webp",""
"8 fruit multi","https://www.forbescasino.cz/game/3756/online/8_fruit_multi","https://www.forbescasino.cz/files/1160944NmN.webp","Synot"
"81 Famous Multifruits","https://www.forbescasino.cz/game/3757/online/81_famous_multifruits","https://www.forbescasino.cz/files/1160967MDl.webp","Synot"
"Maxi 5","https://www.forbescasino.cz/game/3758/online/maxi_5","https://www.forbescasino.cz/files/1006819OTA.webp","E-gaming"
"multi golden scarabs","https://www.forbescasino.cz/game/3759/online/multi_golden_scarabs","https://www.forbescasino.cz/files/1160936OWQ.webp","Synot"
"money vaults","https://www.forbescasino.cz/game/3760/online/money_vaults","https://www.forbescasino.cz/files/1160963MzM.webp","Synot"
"simply hot xl 50 ","https://www.forbescasino.cz/game/3761/online/simply_hot_xl_50_","https://www.forbescasino.cz/files/1007206ZDI.webp",""
"simply hot xl 100 ","https://www.forbescasino.cz/game/3762/online/simply_hot_xl_100_","https://www.forbescasino.cz/files/1007207NzE.webp",""
"crazy fruits street ","https://www.forbescasino.cz/game/3763/online/crazy_fruits_street_","https://www.forbescasino.cz/files/1007208OTJ.webp",""
"roboland","https://www.forbescasino.cz/game/3764/online/roboland","https://www.forbescasino.cz/files/1160940YzE.webp","Apollo"
"gladorius","https://www.forbescasino.cz/game/3765/online/gladorius","https://www.forbescasino.cz/files/1006981ZWY.webp","Apollo"
"Golden Age Multireels","https://www.forbescasino.cz/game/3766/online/golden_age_multireels","https://www.forbescasino.cz/files/1006987NTE.webp","Apollo"
"lucky chessmate","https://www.forbescasino.cz/game/3767/online/lucky_chessmate","https://www.forbescasino.cz/files/1006990ZjA.webp","Apollo"
"Quick Sticks","https://www.forbescasino.cz/game/3768/online/quick_sticks","https://www.forbescasino.cz/files/1006995YzA.webp","Apollo"
"Oldskool Spin 81","https://www.forbescasino.cz/game/3769/online/oldskool_spin_81","https://www.forbescasino.cz/files/1006996OTR.webp","Apollo"
"demon master street","https://www.forbescasino.cz/game/3770/online/demon_master_street","https://www.forbescasino.cz/files/1007209YTI.webp","Kajot"
"hot hot 4","https://www.forbescasino.cz/game/3771/online/hot_hot_4","https://www.forbescasino.cz/files/1007210MWI.webp","Kajot"
"hot fruits","https://www.forbescasino.cz/game/3772/online/hot_fruits","https://www.forbescasino.cz/files/1007211NTE.webp","Kajot"
"Jiggly Jack","https://www.forbescasino.cz/game/3773/online/jiggly_jack","https://www.forbescasino.cz/files/1006821MzQ.webp","E-gaming"
"scatter expres","https://www.forbescasino.cz/game/3774/online/scatter_expres","https://www.forbescasino.cz/files/1006822Zjc.webp","E-gaming"
"super lines 2 street","https://www.forbescasino.cz/game/3775/online/super_lines_2_street","https://www.forbescasino.cz/files/1007212ZTd.webp","Kajot"
"siren s calling ","https://www.forbescasino.cz/game/3776/online/siren_s_calling_","https://www.forbescasino.cz/files/1007213Y2U.webp",""
"top bullet","https://www.forbescasino.cz/game/3777/online/top_bullet","https://www.forbescasino.cz/files/1006826ZmV.webp","E-gaming"
"super fruit","https://www.forbescasino.cz/game/3778/online/super_fruit","https://www.forbescasino.cz/files/1006827MmI.webp","E-gaming"
"hot hot 10","https://www.forbescasino.cz/game/3779/online/hot_hot_10","https://www.forbescasino.cz/files/1007214Y2Q.webp","Kajot"
"hot hot 20","https://www.forbescasino.cz/game/3780/online/hot_hot_20","https://www.forbescasino.cz/files/1007215OWJ.webp","Kajot"
"golden age 27","https://www.forbescasino.cz/game/3781/online/golden_age_27","https://www.forbescasino.cz/files/1006999MzJ.webp","Apollo"
"hot hot 40","https://www.forbescasino.cz/game/3782/online/hot_hot_40","https://www.forbescasino.cz/files/1007216MjY.webp","Kajot"
"hotlines 34 street","https://www.forbescasino.cz/game/3783/online/hotlines_34_street","https://www.forbescasino.cz/files/1007217Y2V.webp","Kajot"
"treasure box","https://www.forbescasino.cz/game/3784/online/treasure_box","https://www.forbescasino.cz/files/1006828YjV.webp","E-gaming"
"100 wild fruits","https://www.forbescasino.cz/game/3785/online/100_wild_fruits","https://www.forbescasino.cz/files/1006829ZjE.webp","E-gaming"
"shaolin punch","https://www.forbescasino.cz/game/3786/online/shaolin_punch","https://www.forbescasino.cz/files/1006830YmQ.webp","E-gaming"
"spinning wild 4","https://www.forbescasino.cz/game/3787/online/spinning_wild_4","https://www.forbescasino.cz/files/1006831MTM.webp","E-gaming"
"casino lucha libre","https://www.forbescasino.cz/game/3788/online/casino_lucha_libre","https://www.forbescasino.cz/files/1006832MWU.webp","E-gaming"
"double star 27","https://www.forbescasino.cz/game/3789/online/double_star_27","https://www.forbescasino.cz/files/1006833OGQ.webp","E-gaming"
"Sugoi Spin","https://www.forbescasino.cz/game/3790/online/sugoi_spin","https://www.forbescasino.cz/files/1006834Mjc.webp","E-gaming"
"Super Frog Hop","https://www.forbescasino.cz/game/3791/online/super_frog_hop","https://www.forbescasino.cz/files/1006835Y2E.webp","E-gaming"
"triple stars street","https://www.forbescasino.cz/game/3792/online/triple_stars_street","https://www.forbescasino.cz/files/1007219ZTU.webp","Kajot"
"Fruit Sizzler","https://www.forbescasino.cz/game/3793/online/fruit_sizzler","https://www.forbescasino.cz/files/1006836NWN.webp","E-gaming"
"gems quest","https://www.forbescasino.cz/game/3794/online/gems_quest","https://www.forbescasino.cz/files/1006837MTM.webp","E-gaming"
"great escape","https://www.forbescasino.cz/game/3795/online/great_escape","https://www.forbescasino.cz/files/1006838M2V.webp","E-gaming"
"lucky fu","https://www.forbescasino.cz/game/3796/online/lucky_fu","https://www.forbescasino.cz/files/1006839NWN.webp","E-gaming"
"apparatus 40","https://www.forbescasino.cz/game/3797/online/apparatus_40","https://www.forbescasino.cz/files/1006840MjQ.webp","E-gaming"
"bonus jack","https://www.forbescasino.cz/game/3798/online/bonus_jack","https://www.forbescasino.cz/files/1006841OWM.webp","E-gaming"
"respin fruit","https://www.forbescasino.cz/game/3799/online/respin_fruit","https://www.forbescasino.cz/files/1006842MjA.webp","E-gaming"
"respin fruit 81","https://www.forbescasino.cz/game/3800/online/respin_fruit_81","https://www.forbescasino.cz/files/1006843OGU.webp","E-gaming"
"Circus 2","https://www.forbescasino.cz/game/3801/online/circus_2","https://www.forbescasino.cz/files/1006844Y2E.webp","E-gaming"
"fire wall 2","https://www.forbescasino.cz/game/3802/online/fire_wall_2","https://www.forbescasino.cz/files/1006845NTg.webp","E-gaming"
"rich spin","https://www.forbescasino.cz/game/3963/online/rich_spin","https://www.forbescasino.cz/files/1132692ZjJ.webp","Tech4Bet"
"fenomen 81","https://www.forbescasino.cz/game/3964/online/fenomen_81","https://www.forbescasino.cz/files/1160941ODc.webp","Kajot"
"vikings 2","https://www.forbescasino.cz/game/3965/online/vikings_2","https://www.forbescasino.cz/files/1160926NDk.webp","Kajot"
"Multi Vegas 81 Exclusive","https://www.forbescasino.cz/game/3966/online/multi_vegas_81_exclusive","https://www.forbescasino.cz/files/1160928ZTV.webp","Kajot"
"multi fruits 81","https://www.forbescasino.cz/game/3967/online/multi_fruits_81","https://www.forbescasino.cz/files/1160961ZDh.webp","Kajot"
"halloween king street","https://www.forbescasino.cz/game/3968/online/halloween_king_street","https://www.forbescasino.cz/files/1160942ZDQ.webp","Kajot"
"brutal octagon","https://www.forbescasino.cz/game/3969/online/brutal_octagon","https://www.forbescasino.cz/files/1149031Y2R.webp","Kajot"
"heat reels 100 ","https://www.forbescasino.cz/game/3970/online/heat_reels_100_","https://www.forbescasino.cz/files/1160962N2I.webp","Kajot"
"durancia","https://www.forbescasino.cz/game/3976/online/durancia","https://www.forbescasino.cz/files/1171933ZjI.webp","Adell"
"extra gold","https://www.forbescasino.cz/game/3977/online/extra_gold","https://www.forbescasino.cz/files/1171934NmF.webp","Adell"
"free diamonds","https://www.forbescasino.cz/game/3978/online/free_diamonds","https://www.forbescasino.cz/files/1171935MzA.webp","Adell"
"fruit joker 5","https://www.forbescasino.cz/game/3979/online/fruit_joker_5","https://www.forbescasino.cz/files/1171936ZDV.webp","Adell"
"fruit ex","https://www.forbescasino.cz/game/3980/online/fruit_ex","https://www.forbescasino.cz/files/1171937MjI.webp","Adell"
"heaven hell","https://www.forbescasino.cz/game/3981/online/heaven_hell","https://www.forbescasino.cz/files/1171938MDN.webp",""
"Heaven&Hell","https://www.forbescasino.cz/game/3981/online/heavenhell","https://www.forbescasino.cz/files/1171938MDN.webp","Adell"
"golden scatter","https://www.forbescasino.cz/game/3982/online/golden_scatter","https://www.forbescasino.cz/files/1171941MTI.webp","Adell"
"jumping joker","https://www.forbescasino.cz/game/3983/online/jumping_joker","https://www.forbescasino.cz/files/1171942YTk.webp","Adell"
"bonus brothers","https://www.forbescasino.cz/game/3984/online/bonus_brothers","https://www.forbescasino.cz/files/1171943Y2M.webp","Adell"
"243 christmas fruits","https://www.forbescasino.cz/game/3985/online/243_christmas_fruits","https://www.forbescasino.cz/files/1177699MDY.webp","Tom Horn"
"81 Frutas Grandes","https://www.forbescasino.cz/game/3986/online/81_frutas_grandes","https://www.forbescasino.cz/files/1177697YTV.webp","Tom Horn"
"beastie bux","https://www.forbescasino.cz/game/3987/online/beastie_bux","https://www.forbescasino.cz/files/1177705ODF.webp","Tom Horn"
"book of vampires","https://www.forbescasino.cz/game/3988/online/book_of_vampires","https://www.forbescasino.cz/files/1177707OGE.webp","Tom Horn"
"frozen queen","https://www.forbescasino.cz/game/3989/online/frozen_queen","https://www.forbescasino.cz/files/1177709ZjU.webp","Tom Horn"
"hawaiian fever","https://www.forbescasino.cz/game/3990/online/hawaiian_fever","https://www.forbescasino.cz/files/1177711Y2J.webp","Tom Horn"
"joker reelz","https://www.forbescasino.cz/game/3991/online/joker_reelz","https://www.forbescasino.cz/files/1177712NTM.webp","Tom Horn"
"pengwins","https://www.forbescasino.cz/game/3992/online/pengwins","https://www.forbescasino.cz/files/1177713Mzc.webp","Tom Horn"
"100 evolutions","https://www.forbescasino.cz/game/3996/online/100_evolutions","https://www.forbescasino.cz/files/1189334ZWU.webp","Tech4Bet"
"100 fruit chain","https://www.forbescasino.cz/game/3997/online/100_fruit_chain","https://www.forbescasino.cz/files/1189336MGU.webp","Tech4Bet"
"5 Dragon hearts","https://www.forbescasino.cz/game/3998/online/5_dragon_hearts","https://www.forbescasino.cz/files/1189338Njh.webp","Tech4Bet"
"5 hot cash","https://www.forbescasino.cz/game/3999/online/5_hot_cash","https://www.forbescasino.cz/files/1189340ZjZ.webp","Tech4Bet"
"81 multichain","https://www.forbescasino.cz/game/4000/online/81_multichain","https://www.forbescasino.cz/files/1189342MTE.webp","Tech4Bet"
"african gods","https://www.forbescasino.cz/game/4001/online/african_gods","https://www.forbescasino.cz/files/1189344MjQ.webp","Tech4Bet"
"amazing joker","https://www.forbescasino.cz/game/4002/online/amazing_joker","https://www.forbescasino.cz/files/1189346MWU.webp","Tech4Bet"
"book of adventure","https://www.forbescasino.cz/game/4003/online/book_of_adventure","https://www.forbescasino.cz/files/1189348OGY.webp","Tech4Bet"
"book of adventure life","https://www.forbescasino.cz/game/4004/online/book_of_adventure_life","https://www.forbescasino.cz/files/1189350ODQ.webp","Tech4Bet"
"Box Of Fruits","https://www.forbescasino.cz/game/4005/online/box_of_fruits","https://www.forbescasino.cz/files/1189352ODJ.webp","Tech4Bet"
"clever dollar","https://www.forbescasino.cz/game/4006/online/clever_dollar","https://www.forbescasino.cz/files/1189354NGQ.webp","Tech4Bet"
"energy spin","https://www.forbescasino.cz/game/4007/online/energy_spin","https://www.forbescasino.cz/files/1189356ZGN.webp","Tech4Bet"
"fawkes blast","https://www.forbescasino.cz/game/4008/online/fawkes_blast","https://www.forbescasino.cz/files/1189358ZTg.webp","Tech4Bet"
"forest fruit 5","https://www.forbescasino.cz/game/4009/online/forest_fruit_5","https://www.forbescasino.cz/files/1189361Zjl.webp","Tech4Bet"
"forest fruit 7","https://www.forbescasino.cz/game/4010/online/forest_fruit_7","https://www.forbescasino.cz/files/1189363OGE.webp","Tech4Bet"
"fruit hell plus","https://www.forbescasino.cz/game/4011/online/fruit_hell_plus","https://www.forbescasino.cz/files/1189365Yjk.webp","Tech4Bet"
"fruit roulette","https://www.forbescasino.cz/game/4012/online/fruit_roulette","https://www.forbescasino.cz/files/1189368ZmM.webp","Tech4Bet"
"full fruits","https://www.forbescasino.cz/game/4013/online/full_fruits","https://www.forbescasino.cz/files/1189370Y2U.webp","Tech4Bet"
"golden respin","https://www.forbescasino.cz/game/4014/online/golden_respin","https://www.forbescasino.cz/files/1189372NWR.webp","Tech4Bet"
"imperial joker diamond rush","https://www.forbescasino.cz/game/4017/online/imperial_joker_diamond_rush","https://www.forbescasino.cz/files/1189378MmU.webp","Tech4Bet"
"joker crown 10","https://www.forbescasino.cz/game/4018/online/joker_crown_10","https://www.forbescasino.cz/files/1189380ZDR.webp","Tech4Bet"
"joker legend","https://www.forbescasino.cz/game/4019/online/joker_legend","https://www.forbescasino.cz/files/1189382YzI.webp","Tech4Bet"
"jungle roulette","https://www.forbescasino.cz/game/4020/online/jungle_roulette","https://www.forbescasino.cz/files/1189384ZTk.webp","Tech4Bet"
"king rhino","https://www.forbescasino.cz/game/4021/online/king_rhino","https://www.forbescasino.cz/files/1189386MWE.webp","Tech4Bet"
"miracle wild","https://www.forbescasino.cz/game/4022/online/miracle_wild","https://www.forbescasino.cz/files/1189388MmN.webp","Tech4Bet"
"multi chilli 81","https://www.forbescasino.cz/game/4023/online/multi_chilli_81","https://www.forbescasino.cz/files/1189390MTl.webp","Tech4Bet"
"multi joker","https://www.forbescasino.cz/game/4024/online/multi_joker","https://www.forbescasino.cz/files/1189392OGM.webp","Tech4Bet"
"mushroom party","https://www.forbescasino.cz/game/4025/online/mushroom_party","https://www.forbescasino.cz/files/1189394MTA.webp","Tech4Bet"
"slot roulette","https://www.forbescasino.cz/game/4026/online/slot_roulette","https://www.forbescasino.cz/files/1189396Zjg.webp","Tech4Bet"
"sphinx tomb","https://www.forbescasino.cz/game/4027/online/sphinx_tomb","https://www.forbescasino.cz/files/1189398ZjN.webp","Tech4Bet"
"book of adventure death","https://www.forbescasino.cz/game/4028/online/book_of_adventure_death","https://www.forbescasino.cz/files/1189400MGQ.webp","Tech4Bet"
"hot wild 40","https://www.forbescasino.cz/game/4029/online/hot_wild_40","https://www.forbescasino.cz/files/1189402ZDZ.webp","Tech4Bet"
"casino saloon","https://www.forbescasino.cz/game/4030/online/casino_saloon","https://www.forbescasino.cz/files/1189405NGU.webp","Tech4Bet"
"wild joker 60 max","https://www.forbescasino.cz/game/4031/online/wild_joker_60_max","https://www.forbescasino.cz/files/1189407YzU.webp","Tech4Bet"
"27 space fruits","https://www.forbescasino.cz/game/4032/online/27_space_fruits","https://www.forbescasino.cz/files/1189413ZjA.webp","Tech4Bet"
"book of moon","https://www.forbescasino.cz/game/4046/online/book_of_moon","https://www.forbescasino.cz/files/1216125NDl.webp","Kajot"
"simply hot 20","https://www.forbescasino.cz/game/4047/online/simply_hot_20","https://www.forbescasino.cz/files/1216127ZDE.webp","Kajot"
"circus circus 81","https://www.forbescasino.cz/game/4048/online/circus_circus_81","https://www.forbescasino.cz/files/1216129ZmU.webp","Kajot"
"festival fruit","https://www.forbescasino.cz/game/4049/online/festival_fruit","https://www.forbescasino.cz/files/1216131MGI.webp","Kajot"
"simply hot xl 80","https://www.forbescasino.cz/game/4050/online/simply_hot_xl_80","https://www.forbescasino.cz/files/1216133ZTc.webp","Kajot"
"simply hot xl 160","https://www.forbescasino.cz/game/4051/online/simply_hot_xl_160","https://www.forbescasino.cz/files/1216135MTQ.webp","Kajot"
"dynamite 27 street","https://www.forbescasino.cz/game/4052/online/dynamite_27_street","https://www.forbescasino.cz/files/1216137Y2I.webp","Kajot"
"luck of giza","https://www.forbescasino.cz/game/4053/online/luck_of_giza","https://www.forbescasino.cz/files/1228174YmV.webp","Adell"
"mega bells","https://www.forbescasino.cz/game/4054/online/mega_bells","https://www.forbescasino.cz/files/1228179NWM.webp","Adell"
"money fall","https://www.forbescasino.cz/game/4055/online/money_fall","https://www.forbescasino.cz/files/1228183ODc.webp","Adell"
"mysteria","https://www.forbescasino.cz/game/4056/online/mysteria","https://www.forbescasino.cz/files/1228187MDc.webp","Adell"
"neon lines","https://www.forbescasino.cz/game/4057/online/neon_lines","https://www.forbescasino.cz/files/1228192OTU.webp","Adell"
"respin rush","https://www.forbescasino.cz/game/4058/online/respin_rush","https://www.forbescasino.cz/files/1228196YzI.webp","Adell"
"rot stormo","https://www.forbescasino.cz/game/4059/online/rot_stormo","https://www.forbescasino.cz/files/1234956Yjk.webp","Tom Horn"
"biggy winnie feat the rich one","https://www.forbescasino.cz/game/4060/online/biggy_winnie_feat_the_rich_one","https://www.forbescasino.cz/files/1234959Zjk.webp","Tom Horn"
"bison vs buffalo","https://www.forbescasino.cz/game/4061/online/bison_vs_buffalo","https://www.forbescasino.cz/files/1234961YWU.webp","Tom Horn"
"Crystal Fruits Bonanza","https://www.forbescasino.cz/game/4062/online/crystal_fruits_bonanza","https://www.forbescasino.cz/files/1234963Mjl.webp","Tom Horn"
"book of cleo","https://www.forbescasino.cz/game/4063/online/book_of_cleo","https://www.forbescasino.cz/files/1234966ODk.webp","Tom Horn"
"fluxberry","https://www.forbescasino.cz/game/4064/online/fluxberry","https://www.forbescasino.cz/files/1234968OTY.webp","Tom Horn"
"hot forty","https://www.forbescasino.cz/game/4065/online/hot_forty","https://www.forbescasino.cz/files/1240991YzV.webp","Tech4Bet"
"joker reels","https://www.forbescasino.cz/game/4066/online/joker_reels","https://www.forbescasino.cz/files/1240996ODI.webp","Tech4Bet"
"mad doctor","https://www.forbescasino.cz/game/4067/online/mad_doctor","https://www.forbescasino.cz/files/1241000NDN.webp","Tech4Bet"
"magic forest","https://www.forbescasino.cz/game/4068/online/magic_forest","https://www.forbescasino.cz/files/1241003MGI.webp","Tech4Bet"
"monster joker 81","https://www.forbescasino.cz/game/4069/online/monster_joker_81","https://www.forbescasino.cz/files/1241005OTY.webp","Tech4Bet"
"zlat hore ka","https://www.forbescasino.cz/game/4070/online/zlat_hore_ka","https://www.forbescasino.cz/files/1241007MGV.webp",""
"Zlatá Horečka","https://www.forbescasino.cz/game/4070/online/zlata_horecka","https://www.forbescasino.cz/files/1241007MGV.webp","Tech4Bet"
"st patrick s pub","https://www.forbescasino.cz/game/4071/online/st_patrick_s_pub","https://www.forbescasino.cz/files/1246161YTh.webp","Tech4Bet"
"sticky tell","https://www.forbescasino.cz/game/4072/online/sticky_tell","https://www.forbescasino.cz/files/1246164ZWR.webp","Tech4Bet"
"strawberry cherry","https://www.forbescasino.cz/game/4073/online/strawberry_cherry","https://www.forbescasino.cz/files/1246166MGR.webp","Tech4Bet"
"sundance pistols","https://www.forbescasino.cz/game/4074/online/sundance_pistols","https://www.forbescasino.cz/files/1246168MDQ.webp","Tech4Bet"
"super 81","https://www.forbescasino.cz/game/4075/online/super_81","https://www.forbescasino.cz/files/1246171YzA.webp","Tech4Bet"
"twin27","https://www.forbescasino.cz/game/4076/online/twin27","https://www.forbescasino.cz/files/1246174NjR.webp","Tech4Bet"
"243 crystal fruits deluxe","https://www.forbescasino.cz/game/4131/online/243_crystal_fruits_deluxe","https://www.forbescasino.cz/files/1252366MzU.webp","Tom Horn"
"81 crystal fruits","https://www.forbescasino.cz/game/4132/online/81_crystal_fruits","https://www.forbescasino.cz/files/1252368YmI.webp","Tom Horn"
"81 joker x","https://www.forbescasino.cz/game/4133/online/81_joker_x","https://www.forbescasino.cz/files/1252371ODF.webp","Tom Horn"
"81 vegas magic","https://www.forbescasino.cz/game/4134/online/81_vegas_magic","https://www.forbescasino.cz/files/1252373YjZ.webp","Tom Horn"
"flaming fruit deluxe","https://www.forbescasino.cz/game/4135/online/flaming_fruit_deluxe","https://www.forbescasino.cz/files/1252376NjA.webp","Tom Horn"
"flaming wild 27","https://www.forbescasino.cz/game/4136/online/flaming_wild_27","https://www.forbescasino.cz/files/1252378MGV.webp","Tom Horn"
"gem stone street","https://www.forbescasino.cz/game/4137/online/gem_stone_street","https://www.forbescasino.cz/files/1259852MjV.webp","Kajot"
"joker area street","https://www.forbescasino.cz/game/4138/online/joker_area_street","https://www.forbescasino.cz/files/1259854Mjk.webp","Kajot"
"simply hot 4 ","https://www.forbescasino.cz/game/4139/online/simply_hot_4_","https://www.forbescasino.cz/files/1259856NTU.webp","Kajot"
"simply hot 10 ","https://www.forbescasino.cz/game/4140/online/simply_hot_10_","https://www.forbescasino.cz/files/1259858ZTA.webp","Kajot"
"simply hot 20 ","https://www.forbescasino.cz/game/4141/online/simply_hot_20_","https://www.forbescasino.cz/files/1259860MmV.webp","Kajot"
"simply hot 40 ","https://www.forbescasino.cz/game/4142/online/simply_hot_40_","https://www.forbescasino.cz/files/1259862YzB.webp","Kajot"
"alien fun 41","https://www.forbescasino.cz/game/4143/online/alien_fun_41","https://www.forbescasino.cz/files/1259864MmZ.webp","Kajot"
"roll shift","https://www.forbescasino.cz/game/4144/online/roll_shift","https://www.forbescasino.cz/files/1276799NDI.webp","Adell"
"secret of the castle ii","https://www.forbescasino.cz/game/4145/online/secret_of_the_castle_ii","https://www.forbescasino.cz/files/1276801YzE.webp","Adell"
"tropical joker","https://www.forbescasino.cz/game/4146/online/tropical_joker","https://www.forbescasino.cz/files/1276804NTQ.webp","Adell"
"secrets of the dragons","https://www.forbescasino.cz/game/4147/online/secrets_of_the_dragons","https://www.forbescasino.cz/files/1276806ZDl.webp","Adell"
"way to hell 2","https://www.forbescasino.cz/game/4148/online/way_to_hell_2","https://www.forbescasino.cz/files/1276808Mjk.webp","Adell"
"wild blaster","https://www.forbescasino.cz/game/4149/online/wild_blaster","https://www.forbescasino.cz/files/1276810MDM.webp","Adell"
"243 fire n diamonds","https://www.forbescasino.cz/game/4150/online/243_fire_n_diamonds","https://www.forbescasino.cz/files/1280328OGU.webp","Tom Horn"
"book of aladdin","https://www.forbescasino.cz/game/4151/online/book_of_aladdin","https://www.forbescasino.cz/files/1280330NzE.webp","Tom Horn"
"sweet crush","https://www.forbescasino.cz/game/4152/online/sweet_crush","https://www.forbescasino.cz/files/1280332YTQ.webp","Tom Horn"
"wild dragon s fortune","https://www.forbescasino.cz/game/4153/online/wild_dragon_s_fortune","https://www.forbescasino.cz/files/1280335ZjY.webp","Tom Horn"
"crown s legacy","https://www.forbescasino.cz/game/4154/online/crown_s_legacy","https://www.forbescasino.cz/files/1280337MTh.webp","Tom Horn"
"bank 81","https://www.forbescasino.cz/game/4155/online/bank_81","https://www.forbescasino.cz/files/1287843MjM.webp","Kajot"
"crazy mary","https://www.forbescasino.cz/game/4156/online/crazy_mary","https://www.forbescasino.cz/files/1287845MDU.webp","Kajot"
"Golden Seven","https://www.forbescasino.cz/game/4157/online/golden_seven","https://www.forbescasino.cz/files/1287847MTA.webp","Kajot"
"Joker Plus II Street","https://www.forbescasino.cz/game/4158/online/joker_plus_ii_street","https://www.forbescasino.cz/files/1287849Mzg.webp","Kajot"
"kajot lines street","https://www.forbescasino.cz/game/4159/online/kajot_lines_street","https://www.forbescasino.cz/files/1287851NzE.webp","Kajot"
"lucky dragon street","https://www.forbescasino.cz/game/4160/online/lucky_dragon_street","https://www.forbescasino.cz/files/1287853YTI.webp","Kajot"
"81 forever","https://www.forbescasino.cz/game/4161/online/81_forever","https://www.forbescasino.cz/files/1334786YzU.webp","ABXplay"
"81 wheel","https://www.forbescasino.cz/game/4162/online/81_wheel","https://www.forbescasino.cz/files/1334788ZGM.webp",""
"frucasino","https://www.forbescasino.cz/game/4163/online/frucasino","https://www.forbescasino.cz/files/1334791NmU.webp","ABXplay"
"come on joker ","https://www.forbescasino.cz/game/4164/online/come_on_joker_","https://www.forbescasino.cz/files/1334793NzU.webp","ABXplay"
"purple ball","https://www.forbescasino.cz/game/4165/online/purple_ball","https://www.forbescasino.cz/files/1334795Njk.webp","ABXplay"
"tricky joker","https://www.forbescasino.cz/game/4166/online/tricky_joker","https://www.forbescasino.cz/files/1334797YjU.webp","ABXplay"
"wow panda","https://www.forbescasino.cz/game/4167/online/wow_panda","https://www.forbescasino.cz/files/1334799YTI.webp","ABXplay"
