Hra,Odkaz na hru,Odkaz na obrázek hry,
100 Hot Wild,https://www.forbescasino.cz/game/2054/online/100_hot_wild,https://www.forbescasino.cz/files/1160923NGM.webp,
256 Joker,https://www.forbescasino.cz/game/2059/online/256_joker,https://www.forbescasino.cz/files/1089467Zjc.webp,
5 Dragon hearts,https://www.forbescasino.cz/game/3998/online/5_dragon_hearts,https://www.forbescasino.cz/files/1189338Njh.webp,
6 Fruits Deluxe,https://www.forbescasino.cz/game/3646/online/6_fruits_deluxe,https://www.forbescasino.cz/files/1007093Mzh.webp,
7 Bonus Up,https://www.forbescasino.cz/game/3659/online/7_bonus_up,https://www.forbescasino.cz/files/1006694N2N.webp,
81 Frutas Grandes,https://www.forbescasino.cz/game/3986/online/81_frutas_grandes,https://www.forbescasino.cz/files/1177697YTV.webp,
81 Multi Gold,https://www.forbescasino.cz/game/2069/online/81_multi_gold,https://www.forbescasino.cz/files/1089478ZTQ.webp,
After Dark,https://www.forbescasino.cz/game/3454/online/after_dark,https://www.forbescasino.cz/files/1006652MmN.webp,
Amazon’s Wonders,https://www.forbescasino.cz/game/3624/online/amazons_wonders,https://www.forbescasino.cz/files/1007785ZmJ.webp,
Aztec Jaguar,https://www.forbescasino.cz/game/3621/online/aztec_jaguar,https://www.forbescasino.cz/files/1007055MDY.webp,
Blazing Ice,https://www.forbescasino.cz/game/3536/online/blazing_ice,https://www.forbescasino.cz/files/1006922YTQ.webp,
Blood,https://www.forbescasino.cz/game/3501/online/blood,https://www.forbescasino.cz/files/1007156ZTk.webp,
Blood Revival,https://www.forbescasino.cz/game/3521/online/blood_revival,https://www.forbescasino.cz/files/1006901ZTJ.webp,
Bonus Joker II,https://www.forbescasino.cz/game/3502/online/bonus_joker_ii,https://www.forbescasino.cz/files/1006855Mjh.webp,
Book of Secrets 6,https://www.forbescasino.cz/game/3648/online/book_of_secrets_6,https://www.forbescasino.cz/files/1007097ZmV.webp,
DiamondZ,https://www.forbescasino.cz/game/3627/online/diamondz,https://www.forbescasino.cz/files/1007066NjM.webp,
Double Game,https://www.forbescasino.cz/game/3457/online/double_game,https://www.forbescasino.cz/files/1006655NTk.webp,
Dragons of Fortune,https://www.forbescasino.cz/game/3543/online/dragons_of_fortune,https://www.forbescasino.cz/files/1006958OWJ.webp,
Easter Fortune,https://www.forbescasino.cz/game/3737/online/easter_fortune,https://www.forbescasino.cz/files/1007107M2Z.webp,
Firebird 27,https://www.forbescasino.cz/game/3738/online/firebird_27,https://www.forbescasino.cz/files/1007108ODA.webp,
Firebird Double 27,https://www.forbescasino.cz/game/3544/online/firebird_double_27,https://www.forbescasino.cz/files/1160950Mjd.webp,
Chilli Tumble,https://www.forbescasino.cz/game/2211/online/chilli_tumble,https://www.forbescasino.cz/files/1159711Mjl.webp,
Four Fruits II,https://www.forbescasino.cz/game/3509/online/four_fruits_ii,https://www.forbescasino.cz/files/1006870MDI.webp,
Fruit Jack,https://www.forbescasino.cz/game/3464/online/fruit_jack,https://www.forbescasino.cz/files/1160946YWR.webp,
Fruit Joker,https://www.forbescasino.cz/game/3654/online/fruit_joker,https://www.forbescasino.cz/files/1007747YmU.webp,
Fruit Party,https://www.forbescasino.cz/game/3609/online/fruit_party,https://www.forbescasino.cz/files/1007672MDc.webp,
Fruity Gold,https://www.forbescasino.cz/game/3554/online/fruity_gold,https://www.forbescasino.cz/files/1160951ODF.webp,
Fruity Gold 81,https://www.forbescasino.cz/game/3626/online/fruity_gold_81,https://www.forbescasino.cz/files/1160958ZGF.webp,
Gates of Olympus,https://www.forbescasino.cz/game/3614/online/gates_of_olympus,https://www.forbescasino.cz/files/1160945YWM.webp,
Gems Bonanza,https://www.forbescasino.cz/game/3705/online/gems_bonanza,https://www.forbescasino.cz/files/1007676M2M.webp,
Golden Age Multireels,https://www.forbescasino.cz/game/3766/online/golden_age_multireels,https://www.forbescasino.cz/files/1006987NTE.webp,
Golden Treasure,https://www.forbescasino.cz/game/3526/online/golden_treasure,https://www.forbescasino.cz/files/1006920MjE.webp,
Hell Bars,https://www.forbescasino.cz/game/3533/online/hell_bars,https://www.forbescasino.cz/files/1006911Njc.webp,
Hell mania,https://www.forbescasino.cz/game/3558/online/hell_mania,https://www.forbescasino.cz/files/1007008OWF.webp,
Hot to Burn Hold and Spin,https://www.forbescasino.cz/game/3716/online/ultra_hold_and_spin,https://www.forbescasino.cz/files/1007729MGU.webp,
Hot gigolo,https://www.forbescasino.cz/game/2122/online/hot_gigolo,https://www.forbescasino.cz/files/1138359ZTI.webp,
Hunter's Dream 2,https://www.forbescasino.cz/game/3466/online/hunters_dream_2,https://www.forbescasino.cz/files/1006664MzA.webp,
Joker´s Jewels,https://www.forbescasino.cz/game/3711/online/jokers_jewels,https://www.forbescasino.cz/files/1007693MWI.webp,
Karlos Game,https://www.forbescasino.cz/game/2308/online/karlos_game,https://www.forbescasino.cz/files/1154567MmQ.gif,
Lumberjack 2,https://www.forbescasino.cz/game/2145/online/lumberjack,https://www.forbescasino.cz/files/1091255ZWZ.webp,
Madame Destiny Megaways,https://www.forbescasino.cz/game/3613/online/madame_destiny_megaways,https://www.forbescasino.cz/files/1007698ODR.webp,
Mega Carp Christmas,https://www.forbescasino.cz/game/2153/online/mega_carp_christmas,https://www.forbescasino.cz/files/1091262ODI.webp,
Multi Vegas 81 Exclusive,https://www.forbescasino.cz/game/3966/online/multi_vegas_81_exclusive,https://www.forbescasino.cz/files/1160928ZTV.webp,
Multi 5,https://www.forbescasino.cz/game/3468/online/multi_5,https://www.forbescasino.cz/files/1006666NjI.webp,
Maxi 5,https://www.forbescasino.cz/game/3758/online/maxi_5,https://www.forbescasino.cz/files/1006819OTA.webp,
Multi Vegas 81,https://www.forbescasino.cz/game/3487/online/multi_vegas_81,https://www.forbescasino.cz/files/1007156ZTk.webp,
Multiplay 81,https://www.forbescasino.cz/game/3469/online/multiplay_81,https://www.forbescasino.cz/files/1006667MzM.webp,
Pirate Adventures,https://www.forbescasino.cz/game/3585/online/pirate_adventures,https://www.forbescasino.cz/files/1006764Mjl.webp,
Respin Fire,https://www.forbescasino.cz/game/2314/online/respin_fire,https://www.forbescasino.cz/files/1266415YTN.webp,
Respin Joker,https://www.forbescasino.cz/game/3573/online/respin_joker,https://www.forbescasino.cz/files/1160955MTF.webp,
Savana Sunrise Deluxe,https://www.forbescasino.cz/game/3588/online/savana_sunrise_deluxe,https://www.forbescasino.cz/files/1006795ODV.webp,
Seasons,https://www.forbescasino.cz/game/3471/online/seasons,https://www.forbescasino.cz/files/1006692NmQ.webp,
Shuriken Legend,https://www.forbescasino.cz/game/3754/online/shuriken_legend,https://www.forbescasino.cz/files/1007126YjN.webp,
Simply the Best 81,https://www.forbescasino.cz/game/3491/online/simply_the_best_81,https://www.forbescasino.cz/files/1007164M2M.webp,
Sugoi Spin,https://www.forbescasino.cz/game/3790/online/sugoi_spin,https://www.forbescasino.cz/files/1006834Mjc.webp,
Sunshine,https://www.forbescasino.cz/game/2189/online/sunshine,https://www.forbescasino.cz/files/1091304ZjQ.webp,
Super Joker 40,https://www.forbescasino.cz/game/3498/online/super_joker_40,https://www.forbescasino.cz/files/1091280MWE.webp,
Super Reels Deluxe,https://www.forbescasino.cz/game/3473/online/super_reels_deluxe,https://www.forbescasino.cz/files/1006704OTg.webp,
The Dog House Megaways,https://www.forbescasino.cz/game/3611/online/the_dog_house_megaways,https://www.forbescasino.cz/files/1007719ZDQ.webp,
The Secret of Ba,https://www.forbescasino.cz/game/3603/online/the_secret_of_ba,https://www.forbescasino.cz/files/1007640MTM.webp,
Tiki Princess,https://www.forbescasino.cz/game/3647/online/tiki_princess,https://www.forbescasino.cz/files/1007095ZGY.webp,
Triple Wild Seven 5 Reels,https://www.forbescasino.cz/game/3584/online/triple_wild_seven_5_reels,https://www.forbescasino.cz/files/1006754NzB.webp,
Turbo Slots,https://www.forbescasino.cz/game/3518/online/turbo_slots,https://www.forbescasino.cz/files/1006894MDF.webp,
Vegas 27 Street,https://www.forbescasino.cz/game/3727/online/vegas_27_street,https://www.forbescasino.cz/files/1007205MDV.webp,
Vegas 81 Multiplier,https://www.forbescasino.cz/game/2321/online/vegas_81_multiplier,https://www.forbescasino.cz/files/1209283Y2Y.webp,
Wild Cookies,https://www.forbescasino.cz/game/3477/online/wild_cookies,https://www.forbescasino.cz/files/1006718MTk.webp,
Wild Darlings,https://www.forbescasino.cz/game/2322/online/wild_darlings,https://www.forbescasino.cz/files/1266411NzY.webp,
Lucky Streak 2,https://www.forbescasino.cz/game/3675/online/lucky_streak_2,https://www.forbescasino.cz/files/1006734ZDM.webp,
Wild Hood,https://www.forbescasino.cz/game/2202/online/wild_hood,https://www.forbescasino.cz/files/1091318OGE.webp,
Heaven&Hell,https://www.forbescasino.cz/game/3981/online/heavenhell,https://www.forbescasino.cz/files/1171938MDN.webp,
Mad Mechanic Deluxe,https://www.forbescasino.cz/game/3515/online/mad_mechanic_deluxe,https://www.forbescasino.cz/files/1006883MzQ.webp,
88 Pearls,https://www.forbescasino.cz/game/3561/online/88_pearls,https://www.forbescasino.cz/files/1007014MDM.webp,
Bonus Joker 81,https://www.forbescasino.cz/game/2301/online/bonus_joker_81,https://www.forbescasino.cz/files/1155208YTY.webp,
5 Stones,https://www.forbescasino.cz/game/3663/online/5_stones,https://www.forbescasino.cz/files/1007739ZWE.webp,
81 Western Outlaws,https://www.forbescasino.cz/game/2267/online/81_western_outlaws,https://www.forbescasino.cz/files/1106568OTl.webp,
Oldskool Spin 243,https://www.forbescasino.cz/game/2312/online/oldskool_spin_243,https://www.forbescasino.cz/files/1155204OGI.webp,
Fruit Blaster,https://www.forbescasino.cz/game/3462/online/fruit_blaster,https://www.forbescasino.cz/files/1006660NGV.webp,
Hunter’s Spirit,https://www.forbescasino.cz/game/3562/online/hunters_spirit,https://www.forbescasino.cz/files/1160952ZjQ.webp,
Joker 27,https://www.forbescasino.cz/game/3482/online/joker_27,https://www.forbescasino.cz/files/1007145Mjk.webp,
Respin Joker 243,https://www.forbescasino.cz/game/3750/online/respin_joker_243,https://www.forbescasino.cz/files/1007122YmU.webp,
Sweet Bonanza,https://www.forbescasino.cz/game/3607/online/sweet_bonanza,https://www.forbescasino.cz/files/1007711ZDU.webp,
81 Famous Multifruits,https://www.forbescasino.cz/game/3757/online/81_famous_multifruits,https://www.forbescasino.cz/files/1160967MDl.webp,
Zlatá Horečka,https://www.forbescasino.cz/game/4070/online/zlata_horecka,https://www.forbescasino.cz/files/1241007MGV.webp,
Super Frog Hop,https://www.forbescasino.cz/game/3791/online/super_frog_hop,https://www.forbescasino.cz/files/1006835Y2E.webp,
Respin Joker 81,https://www.forbescasino.cz/game/3625/online/respin_joker_81,https://www.forbescasino.cz/files/1160956ZmV.webp,
Joker 27,https://www.forbescasino.cz/game/3482/online/joker_27,https://www.forbescasino.cz/files/1007145Mjk.webp,
Cowboys Gold,https://www.forbescasino.cz/game/3700/online/cowboys_gold,https://www.forbescasino.cz/files/1007660ZDE.webp,
Wild 81 Wheel,https://www.forbescasino.cz/game/2236/online/wild_81_wheel,https://www.forbescasino.cz/files/1096906N2Z.jpeg,
243 Hot Ways,https://www.forbescasino.cz/game/2056/online/243_hot_ways,https://www.forbescasino.cz/files/1089464MmJ.webp,
Golden Seven,https://www.forbescasino.cz/game/4157/online/golden_seven,https://www.forbescasino.cz/files/1287847MTA.webp,
Multiplay Hot,https://www.forbescasino.cz/game/3470/online/multiplay_hot,https://www.forbescasino.cz/files/1006668MTV.webp,
Lumberjack 7,https://www.forbescasino.cz/game/2148/online/lumberjack_7,https://www.forbescasino.cz/files/1091257MDc.webp,
Treasures of Asgard,https://www.forbescasino.cz/game/3586/online/treasures_of_asgard,https://www.forbescasino.cz/files/1006770YjJ.webp,
Jetsetter,https://www.forbescasino.cz/game/3688/online/jetsetter,https://www.forbescasino.cz/files/1006766NmY.webp,
Fruit Sizzler,https://www.forbescasino.cz/game/3793/online/fruit_sizzler,https://www.forbescasino.cz/files/1006836NWN.webp,
Joker Plus II Street,https://www.forbescasino.cz/game/4158/online/joker_plus_ii_street,ttps://www.forbescasino.cz/files/1287849Mzg.webp,
Alladin and the Golden Palace,https://www.forbescasino.cz/game/3531/online/aladdin_and_the_golden_palace,https://www.forbescasino.cz/files/1006890ZGR.webp,
Western Story,https://www.forbescasino.cz/game/3676/online/western_story,https://www.forbescasino.cz/files/1007763ZTd.webp,
FruitiXL,https://www.forbescasino.cz/game/3551/online/fruitixl,https://www.forbescasino.cz/files/1006991NGR.webp,
Quick Sticks,https://www.forbescasino.cz/game/3768/online/quick_sticks,https://www.forbescasino.cz/files/1006995YzA.webp,
Joker King,https://www.forbescasino.cz/game/3710/online/joker_king,https://www.forbescasino.cz/files/1007691ZGR.webp,
Black Pearl,https://www.forbescasino.cz/game/3453/online/black_pearl,https://www.forbescasino.cz/files/1006651ZTc.webp,
Jiggly Jack,https://www.forbescasino.cz/game/3773/online/jiggly_jack,https://www.forbescasino.cz/files/1006821MzQ.webp,
Box Of Fruits,https://www.forbescasino.cz/game/4005/online/box_of_fruits,https://www.forbescasino.cz/files/1189352ODJ.webp,
Joker 40,https://www.forbescasino.cz/game/3564/online/joker_40,https://www.forbescasino.cz/files/1160953ZmV.webp,
81 Joker Fruits,https://www.forbescasino.cz/game/3637/online/81_joker_fruits,https://www.forbescasino.cz/files/1007070Njc.webp,
Hyper Wheels,https://www.forbescasino.cz/game/2127/online/hyper_wheels,https://www.forbescasino.cz/files/1160932NGR.webp,
Cyber Beast,https://www.forbescasino.cz/game/2303/online/cyber_beast,https://www.forbescasino.cz/files/1209289M2Z.webp,
Pot o'luck,https://www.forbescasino.cz/game/2241/online/pot_oluck,https://www.forbescasino.cz/files/1184519YTF.webp,
Joker RA,https://www.forbescasino.cz/game/2286/online/joker_ra,https://www.forbescasino.cz/files/1161008YmQ.webp,
Lumberjack 5,https://www.forbescasino.cz/game/2147/online/lumberjack_5,https://www.forbescasino.cz/files/1091256NDM.webp,
81 Emerald,https://www.forbescasino.cz/game/2066/online/81_emerald,https://www.forbescasino.cz/files/1089475YmE.webp,
Chilli Fruits,https://www.forbescasino.cz/game/2248/online/chilli_fruits,https://www.forbescasino.cz/files/1184517ODB.webp,
Lucky Elements,https://www.forbescasino.cz/game/3566/online/lucky_elements,https://www.forbescasino.cz/files/1007026ZWN.webp,
Super Star 27,https://www.forbescasino.cz/game/3587/online/super_star_27,https://www.forbescasino.cz/files/1006793ZTk.webp,https://www.forbescasino.cz/files/1006793ZTk.webp
Nightmare Squad,https://www.forbescasino.cz/game/3582/online/nightmare_squad,https://www.forbescasino.cz/files/1006742NTk.webp,
The Wild Job,https://www.forbescasino.cz/game/3576/online/the_wild_job,https://www.forbescasino.cz/files/1007045ZmE.webp,
Ring of Fire XL,https://www.forbescasino.cz/game/3490/online/ring_of_fire_xl,https://www.forbescasino.cz/files/1007162YTg.webp,
Slot Birds,https://www.forbescasino.cz/game/3507/online/slot_birds,https://www.forbescasino.cz/files/1006866Y2N.webp,
Buffalo King Megaways,https://www.forbescasino.cz/game/3616/online/buffalo_king_megaways,https://www.forbescasino.cz/files/1007655ZjM.webp,
Slot Birds 81,https://www.forbescasino.cz/game/3523/online/slot_birds_81,https://www.forbescasino.cz/files/1006907ZDE.webp,https://www.forbescasino.cz/files/1006907ZDE.webp
Wild Joker 40,https://www.forbescasino.cz/game/2204/online/wild_joker_40,https://www.forbescasino.cz/files/1091320N2V.webp,
Golden Myth,https://www.forbescasino.cz/game/3556/online/golden_myth,https://www.forbescasino.cz/files/1007004N2V.webp,